SMILES,IC50_nM,pIC50
C#CCNC(=O)c1ccc(C(=O)Nc2nc3ccc(OC)cc3s2)cc1,23050.0,5.67
C#CCOc1ccc(C(=O)c2ccc(C(=O)Nc3nc4ccc(OC)cc4s3)cc2)cc1,15565.0,5.699999999999999
C#CCOc1ccc2nc(NC(=O)c3ccc(C(=O)c4ccccc4)cc3)sc2c1,51.5,7.47
C#Cc1cc(C(=O)Nc2cnn(Cc3cccc(F)c3)c2)no1,1600.0,5.8
C=C(C)c1cc(C(=O)N2CCC3(CCc4c(F)cccc4O3)CC2)no1,45000.0,4.346787486224656
C=C(C)c1cc(C(=O)Nc2cnn(Cc3cc(F)ccc3C(F)(F)F)c2)no1,45000.0,4.346787486224656
C=C(C)c1cc(C(=O)Nc2cnn(Cc3cccc(F)c3)c2)no1,20.0,7.7
C=C(C)c1cc(C(=O)Nc2cnn(Cc3ccccc3)c2)on1,9000.0,5.05
C=C(C)c1cc(C(=O)Nc2cnn(Cc3cnccc3C(F)(F)F)c2)no1,45000.0,4.346787486224656
C=Cc1cc(C(=O)Nc2cnn(Cc3cccc(F)c3)c2)no1,48.0,7.32
CC(=O)N1CCN(c2cc(C(=O)Nc3cnn(Cc4ccccc4)c3)no2)CC1,29000.0,4.54
CC(=O)NCCn1c(=O)c(-c2ccc(C)cc2)nc2cnc(NCc3ccc(Cl)c(Cl)c3)cc21,40.0,7.4
CC(=O)NCCn1c(=O)c(-c2cccnc2)nc2ccc(NCc3ccc(Cl)c(Cl)c3)nc21,15.0,7.82
CC(=O)NCCn1c(=O)c(-c2cccnc2)nc2ccc(NCc3ccc(F)c(Cl)c3)nc21,13.0,7.89
CC(=O)NCCn1c(=O)c(-c2cccnc2)nc2ccc(NCc3cccc(C(F)(F)F)c3)cc21,13.0,7.89
CC(=O)NCCn1c(=O)c(-c2cccnc2)nc2ccc(NCc3cccc(C(F)(F)F)c3)nc21,120.0,6.92
CC(=O)NCCn1c(=O)c(-c2cccnc2)nc2cnc(NCc3ccc(Cl)c(Cl)c3)cc21,21.0,7.68
CC(=O)NCCn1c(=O)c(-c2cccnc2)nc2cnc(NCc3ccc(Cl)c(Cl)c3)nc21,250.0,6.6
CC(=O)Nc1ccc(-c2ccc(N3CCC(N4CCc5ccc(F)cc54)CC3)nn2)cn1,15.0,7.82
CC(=O)Nc1ccc(C(=O)Nc2ncc(Cc3cccc(C(F)(F)F)c3)s2)cc1OCCO,11.0,7.96
CC(=O)c1cc(C(=O)Nc2cnn(Cc3cccc(F)c3)c2)no1,1100.0,5.96
CC(C(=O)N1CCN(c2ccc(C(=O)NCCC3CC3)nn2)CC1)(C(F)(F)F)C(F)(F)F,119.0,6.92
CC(C)(C)OC(=O)N1CC2(C1)CN(C(=O)c1cc(-c3ccccc3)on1)C2,45000.0,4.346787486224656
CC(C)(C)OC(=O)N1CCC(NC(=O)c2cc(-c3ccco3)on2)C1,45000.0,4.346787486224656
CC(C)(C)OC(=O)N1CCC(NC(=O)c2cc(-c3ccco3)on2)CC1,45000.0,4.346787486224656
CC(C)(C)OC(=O)N1CCC2(CCN(C(=O)c3cc(-c4ccccc4)on3)C2)C1,45000.0,4.346787486224656
CC(C)(C)OC(=O)N1CCN(C(=O)c2cc(-c3ccc4c(c3)OCO4)on2)CC1,45000.0,4.346787486224656
CC(C)(C)OC(=O)N1CCN(c2cc(C(=O)Nc3cnn(Cc4ccccc4)c3)no2)CC1,12.0,7.92
CC(C)(C)OC(=O)Nc1cc(C(=O)Nc2cnn(Cc3ccccc3)c2)no1,5800.0,5.24
CC(C)(C)OC(=O)c1ccc(-c2ccc(N3CCC(N4CCc5ccc(F)cc54)CC3)nn2)cc1,1000.0,6.0
CC(C)(C)OC(=O)n1cc(NC(=O)c2cc(-c3ccccc3)on2)cn1,3240.0,5.49
CC(C)(C)OC(=O)n1cc(NC(=O)c2cc(-c3ccco3)on2)cn1,45000.0,4.346787486224656
CC(C)(C)c1cc(C(=O)Nc2cnn(Cc3ccccc3)c2)no1,150.0,6.82
CC(C)(C)c1ccc(C2(C#N)CCN(c3ccc(-c4nc(CO)no4)nn3)CC2)cc1,21.0,7.68
CC(C)(C)c1ccc2nc(-c3ccc(-c4ccccc4F)cc3)[nH]c2c1,731.0,6.14
CC(C)(O)c1cc(C(=O)Nc2cnn(Cc3ccccc3)c2)on1,45000.0,4.346787486224656
CC(C)(c1ccccc1)n1cc(NC(=O)c2cc(-c3ccccc3)on2)cn1,45000.0,4.346787486224656
CC(C)CCNC(=O)c1ccc(N2CCN(C(=O)c3ccccc3C(F)(F)F)CC2)cn1,2400.0,5.62
CC(C)CCNC(=O)c1ccc(N2CCN(C(=O)c3ccccc3C(F)(F)F)CC2)nc1,100.0,7.0
CC(C)CCNC(=O)c1ccc(N2CCN(C(=O)c3ccccc3C(F)(F)F)CC2)nn1,37.0,7.43
CC(C)CCc1ccccc1NCc1ccc(C(=O)Nc2nc(CC(=O)O)cs2)cc1,4.8,8.32
CC(C)CCc1ccccc1NCc1ccc(C(=O)Nc2nc(CC(=O)O)cs2)s1,6.7,8.17
CC(C)CCc1ccccc1NCc1ccc(C(=O)Nc2nc(CCO)cs2)cc1,5.3,8.28
CC(C)CNC(=O)c1nccnc1NCC(=O)N1CCC(Oc2ccccc2Cl)CC1,260.0,6.58
CC(C)N1CCC2(CCN(c3ccc(C(=O)NCC(O)c4cccnc4)nn3)CC2)Oc2ccccc21,40.0,7.4
CC(C)c1cc(C(=O)N2CC(Cc3ccccc3)C2)no1,45000.0,4.346787486224656
CC(C)c1cc(C(=O)N2CC(c3ccccc3)C2)no1,45000.0,4.346787486224656
CC(C)c1cc(C(=O)N2CCC(c3cccc(F)c3)C2)no1,45000.0,4.346787486224656
CC(C)c1cc(C(=O)N2CCC(c3ccccc3)C2)no1,45000.0,4.346787486224656
CC(C)c1cc(C(=O)Nc2cc3ccccn3n2)no1,45000.0,4.346787486224656
CC(C)c1cc(C(=O)Nc2cnn(CC34CCC(CC3)CC4)c2)no1,45000.0,4.346787486224656
CC(C)c1cc(C(=O)Nc2cnn(Cc3cccc(F)c3)c2)no1,30.0,7.52
CC(C)c1cc(C(=O)Nc2cnn(Cc3ccccc3)c2)no1,26.0,7.58
CC(C)c1cc(C(=O)Nc2cnn(Cc3ccccc3)c2)on1,600.0,6.22
CC(C)c1cc(C(=O)Nc2cnn(Cc3cnccc3C(F)(F)F)c2)no1,25000.0,4.6
CC(CNC(=O)c1ccc(N2CCN(C(=O)c3ccccc3C(F)(F)F)CC2)nn1)c1ccccc1,660.0,6.18
CC(c1ccccc1)n1cc(NC(=O)c2cc(-c3ccccc3)on2)cn1,45000.0,4.346787486224656
CC1(C(=O)Nc2ccccc2)CN(C(=O)c2cc(-c3ccccc3)on2)C1,45000.0,4.346787486224656
CC1(c2cc(C(=O)Nc3cnn(Cc4cccc(F)c4)c3)no2)COC1,45000.0,4.346787486224656
CC1(c2cc(C(=O)Nc3cnn(Cc4ccccc4)c3)no2)COC1,210.0,6.68
CC1(c2ccccc2)CCN(C(=O)c2cc(-c3ccc4c(c3)OCO4)on2)CC1,45000.0,4.346787486224656
CC1CN(c2ccccc2)CCN1C(=O)c1cc(-c2ccc3c(c2)OCO3)on1,45000.0,4.346787486224656
CC1CN(c2nccnn2)CCC1Oc1cc(C(F)(F)F)ccc1Cl,550.0,6.26
CC1CN(c2nccnn2)CCC1Oc1cc(Cl)ccc1Cl,650.0,6.19
CCCCCCCCC1=C(CCCCCCCC(=O)O)C1,300.0,6.52
CCCCCCCCc1ccccc1NCc1ccc(C(=O)Nc2nc(CC(=O)O)cs2)cc1,4.5,8.35
CCCCCCCCc1ccccc1NCc1ccc(C(=O)Nc2nc(CC(=O)O)cs2)s1,17.0,7.77
CCCCCCCNC(=O)c1ccc(N2CCN(C(=O)c3ccccc3C(F)(F)F)CC2)nn1,1100.0,5.96
CCCCCCNC(=O)c1ccc(N2CCN(C(=O)c3ccccc3C(F)(F)F)CC2)nn1,24.0,7.62
CCCCCCNC(=O)c1ncc(N2CCN(C(=O)c3ccccc3C(F)(F)F)CC2)cn1,6400.0,5.19
CCCCCCc1ccccc1NCc1ccc(C(=O)Nc2nc(CC(=O)O)cs2)cc1,3.0,8.52
CCCCCCc1ccccc1NCc1ccc(C(=O)Nc2nc(CC(=O)O)cs2)s1,4.8,8.32
CCCCCCc1ccccc1NCc1ccc(C(=O)Nc2nc(CCO)cs2)s1,4.5,8.35
CCCCCNC(=O)c1ccc(N2CCN(C(=O)c3ccccc3C(F)(F)F)CC2)nn1,28.0,7.55
CCCCN1CCN(c2nc(C)c(C(=O)NCc3cccnc3)s2)C1=O,748.0,6.13
CCCCc1ccccc1NCc1ccc(C(=O)Nc2nc(CC(=O)O)cs2)cc1,5.5,8.26
CCCCc1ccccc1NCc1ccc(C(=O)Nc2nc(CC(=O)O)cs2)s1,8.8,8.06
CCCCc1ccccc1NCc1ccc(C(=O)Nc2nc(CCO)cs2)cc1,3.0,8.52
CCCCc1ccccc1NCc1ccc(C(=O)Nc2nc(CO)cs2)cc1,3.2,8.49
CCCNC(=O)c1ncccc1NCC(=O)N1CCC(Oc2ccccc2C(F)(F)F)CC1,390.0,6.41
CCCOc1ccc2nc(NC(=O)c3ccc(C(=O)c4ccccc4)cc3)sc2c1,75.0,7.15
CCCc1ccccc1NCc1ccc(C(=O)Nc2nc(C)cs2)cc1,8.9,8.05
CCCn1cc(-c2ccc(N3CCC(N4CCc5ccc(F)cc54)CC3)nn2)cn1,72.0,7.14
CCCn1cc(-c2ccc(N3CCC(n4ccc5ccc(F)cc54)CC3)nn2)cn1,22.0,7.66
CCN(CC)c1ccc(C(=O)Nc2ncc(Cc3cccc(C(F)(F)F)c3)s2)cc1OCCO,4.0,8.4
CCN1CCC2(CCN(c3ccc(C(=O)NCC(O)c4cccnc4)nn3)CC2)Oc2ccccc21,100.0,7.0
CCNC(=O)c1ncccc1NCC(=O)N1CCC(Oc2ccccc2C(F)(F)F)CC1,110.0,6.96
CCNC(=O)c1nccnc1NCC(=O)N1CCC(Oc2ccccc2Cl)CC1,39.0,7.41
CCNc1ccc(C(=O)Nc2ncc(Cc3cccc(C(F)(F)F)c3)s2)cc1OCCO,0.04,10.4
CCOC(=O)Cn1cc(-c2ccc(N3CCC(N4CCc5ccc(F)cc54)CC3)nn2)cn1,31.0,7.51
CCOC(=O)c1cc(-c2cc(C(=O)Nc3cnn(Cc4cccc(F)c4)c3)no2)on1,45000.0,4.346787486224656
CCOC(=O)c1cc(C(=O)Nc2cnn(Cc3ccccc3)c2)on1,45000.0,4.346787486224656
CCOCCn1cc(-c2ccc(N3CCC(N4CCc5ccc(F)cc54)CC3)nn2)cn1,41.0,7.39
CCOCCn1cc(-c2ccc(N3CCC(c4noc5ccc(F)cc45)CC3)nn2)cn1,21.0,7.68
CCOc1ccc(-c2cc(C(=O)N3CCC[C@H]3c3ccccc3)no2)cc1F,45000.0,4.346787486224656
CCOc1ccc(C(=O)Nc2ncc(Cc3cccc(C(F)(F)F)c3)s2)cc1OCCO,2.0,8.7
CCOc1cnn(-c2ccc(N3CCC(N4CCc5ccc(F)cc54)CC3)nn2)c1,9.0,8.05
CCS(=O)(=O)c1ccc2nc(-c3ccc(-c4ccccc4F)cc3)[nH]c2c1,1308.0,5.88
CCc1cc(C(=O)Nc2cnn(Cc3cccc(F)c3)c2)no1,66.0,7.18
CCc1ccc(-c2nc3ccc(NCc4cccc(C(F)(F)F)c4)cc3n(CCNC(C)=O)c2=O)cc1,3.2,8.49
CCn1cc(-c2ccc(N3CCC(N4CCc5ccc(F)cc54)CC3)nn2)cn1,30.0,7.52
CCn1cc(-c2ccc(N3CCC(c4noc5ccc(F)cc45)CC3)nn2)cn1,70.0,7.16
CN(C(=O)c1cc(-c2ccccc2)on1)c1cnn(Cc2cc(F)ccc2C(F)(F)F)c1,45000.0,4.346787486224656
CN(C)C(=O)c1ncccc1NCC(=O)N1CCC(Oc2ccccc2C(F)(F)F)CC1,10000.0,5.0
CN(C)CC(c1ccccc1)n1cc(NC(=O)c2cc(-c3ccccc3)on2)cn1,45000.0,4.346787486224656
CN(C)CCC(c1ccccc1)n1cc(NC(=O)c2cc(-c3ccccc3)on2)cn1,45000.0,4.346787486224656
CN(C)CCOc1ccc(C(=O)Nc2ncc(Cc3cccc(C(F)(F)F)c3)s2)cc1OCCO,9999.0,5.000043431619807
CN(C)c1cc(C(=O)Nc2cnn(Cc3ccccc3)c2)no1,25.0,7.6
CN(C)c1ccc(-c2ccc(N3CCC(N4CCc5ccc(F)cc54)CC3)nn2)cn1,21.0,7.72
CN(C)c1ccc(-c2ccc(N3CCC(n4ccc5ccc(F)cc54)CC3)nn2)cn1,14.0,7.85
CN(C)c1ccc(C(=O)Nc2ncc(Cc3cccc(C(F)(F)F)c3)s2)cc1OCCO,15.0,7.82
CN(Cc1cccc(F)c1)C(=O)c1cc(-c2ccccc2)on1,45000.0,4.346787486224656
CN1CCC(C2CCCN2C(=O)c2cc(-c3ccc4c(c3)OCO4)on2)CC1,45000.0,4.346787486224656
CN1CCC2(CCN(C(=O)c3cc(-c4ccccc4)on3)C2)C1,45000.0,4.346787486224656
CN1CCC2(CCN(c3ccc(C(=O)NCC(O)c4ccccc4)nn3)CC2)Oc2ccccc21,280.0,6.55
CN1CCC2(CCN(c3ccc(C(=O)NCC(O)c4cccnc4)nn3)CC2)Oc2ccccc21,700.0,6.16
CN1CCN(c2cc(C(=O)Nc3cnn(Cc4ccccc4)c3)no2)CC1,45000.0,4.346787486224656
CNC(=O)CCn1c(=O)c(-c2ccc(OC)cc2)nc2ccc(NCc3cccc(C(F)(F)F)c3)nc21,120.0,6.92
CNC(=O)Cn1cc(-c2ccc(N3CCC(N4CCc5ccc(F)cc54)CC3)nn2)cn1,12.0,7.92
CNC(=O)Cn1cc(-c2ccc(N3CCC(n4ccc5ccc(F)cc54)CC3)nn2)cn1,15.0,7.82
CNC(=O)c1cc(C(=O)N2CCC(c3ccccc3)C2)no1,4190.0,5.38
CNC(=O)c1cc(C(=O)Nc2cnn(Cc3cccc(F)c3)c2)no1,15000.0,4.82
CNC(=O)c1ccc(-c2cc(C(=O)N3CC(Cc4ccccc4)C3)no2)cc1,45000.0,4.346787486224656
CNC(=O)c1ccc(-c2cc(C(=O)N3CC(c4ccccc4)C3)no2)cc1,45000.0,4.346787486224656
CNC(=O)c1ccc(-c2cc(C(=O)N3CC=C(c4ccccc4)CC3)no2)cc1,45000.0,4.346787486224656
CNC(=O)c1ccc(-c2cc(C(=O)N3CCC(F)(c4ccccc4)CC3)no2)cc1,45000.0,4.346787486224656
CNC(=O)c1ccc(-c2cc(C(=O)N3CCC(c4ccccc4)CC3)no2)cc1,380.0,6.42
CNC(=O)c1ccc(-c2ccc(N3CCC(N4CCc5ccc(F)cc54)CC3)nn2)cn1,6.0,8.22
CNC(=O)c1cccc(-c2cc(C(=O)N3CCC(c4ccccc4)CC3)no2)c1,45000.0,4.346787486224656
CNC(=O)c1ccccc1-c1cc(C(=O)N2CCC(c3ccccc3)CC2)no1,45000.0,4.346787486224656
CNC(=O)c1cccnc1NCC(=O)N1CCC(Oc2ccccc2C(F)(F)F)CC1,1000.0,6.0
CNC(=O)c1cnc(N2CCN(C(=O)c3ccccc3C(F)(F)F)CC2)s1,4000.0,5.4
CNC(=O)c1ncccc1NCC(=O)N1CCC(Oc2ccccc2C(F)(F)F)CC1,97.0,7.01
CNC(=O)c1nccnc1NCC(=O)N1CCC(C(=O)c2ccccc2)CC1,1000.0,6.0
CNC(=O)c1nccnc1NCC(=O)N1CCC(Nc2ccccc2C(F)(F)F)CC1,100.0,7.0
CNC(=O)c1nccnc1NCC(=O)N1CCC(Oc2c(Cl)cccc2Cl)CC1,38.0,7.42
CNC(=O)c1nccnc1NCC(=O)N1CCC(Oc2c(F)ccc(F)c2Cl)CC1,35.0,7.46
CNC(=O)c1nccnc1NCC(=O)N1CCC(Oc2c(F)cccc2Cl)CC1,51.0,7.29
CNC(=O)c1nccnc1NCC(=O)N1CCC(Oc2c(F)cccc2F)CC1,470.0,6.33
CNC(=O)c1nccnc1NCC(=O)N1CCC(Oc2ccccc2)CC1,6300.0,5.2
CNC(=O)c1nccnc1NCC(=O)N1CCC(Oc2ccccc2Br)CC1,58.0,7.24
CNC(=O)c1nccnc1NCC(=O)N1CCC(Oc2ccccc2Cl)CC1,51.0,7.29
CNc1ccc(-c2ccc(N3CCC(n4ccc5ccc(F)cc54)CC3)nn2)cn1,35.0,7.46
COC(=O)Nc1cnc(N2CCC(Oc3ccccc3C(F)(F)F)CC2)s1,775.0,6.11
COC(=O)c1ccc2nc(NC(=O)c3ccc(C(=O)c4ccccc4)cc3)sc2c1,11900.0,4.955
COC(=O)c1ccccc1NCc1ccc(C(=O)Nc2nc(C)cs2)cc1,2700.0,5.57
COC(=O)c1nccnc1NCC(=O)N1CCC(Oc2ccccc2Cl)CC1,39.0,7.41
COC1(c2cc(C(=O)Nc3cnn(Cc4cccc(F)c4)c3)no2)CCC1,340.0,6.47
COC1(c2cc(C(=O)Nc3cnn(Cc4ccccc4)c3)no2)CCC1,940.0,6.03
COC1(c2ccccc2)CCN(C(=O)c2cc(-c3ccccc3)on2)CC1,45000.0,4.346787486224656
COC1(c2ccccc2)CCN(c2ccc(-c3nc(CO)no3)nn2)CC1,110.0,6.96
COC1CC2(CCN(c3ccc(C(=O)NCC(O)c4ccccc4)nn3)CC2)Oc2ccccc21,60.0,7.22
COC1CCN(c2cc(C(=O)N3CC(c4ccccc4)C3)no2)CC1,45000.0,4.346787486224656
COCCOc1ccc(C(=O)Nc2ncc(Cc3cccc(C(F)(F)F)c3)s2)cc1OCCO,0.6,9.22
COCc1cnn(-c2ccc(N3CCC(c4noc5ccc(F)cc45)CC3)nn2)c1,8.0,8.1
COCc1ncc(-c2cc(C(=O)Nc3cnn(Cc4ccccc4)c3)no2)s1,5116.0,5.29
CO[C@@H]1CCN(c2cc(C(=O)Nc3cnn(Cc4ccccc4)c3)no2)C1,74.0,7.13
CO[C@H]1CCN(c2cc(C(=O)Nc3cnn(Cc4ccccc4)c3)no2)C1,65.0,7.19
COc1cc(C(=O)Nc2ncc(Cc3cccc(C(F)(F)F)c3)s2)ccc1OCC(=O)O,4377.0,5.36
COc1cc(C(=O)Nc2ncc(Cc3cccc(C(F)(F)F)c3)s2)ccc1OCCN1CCOCC1,1402.0,5.85
COc1cc(C(=O)Nc2ncc(Cc3cccc(C(F)(F)F)c3)s2)ccc1OCCO,10.0,8.0
COc1cc(C2CCCN2C(=O)c2cc(-c3ccc4c(c3)OCO4)on2)on1,30000.0,4.52
COc1cc(F)ccc1C1CCCN1C(=O)c1cc(-c2ccc3c(c2)OCO3)on1,45000.0,4.346787486224656
COc1cc2sc(NC(=O)c3ccc(C(=O)c4ccccc4)cc3)nc2cc1Br,3755.0,5.6850000000000005
COc1ccc(-c2cc(C(=O)N3CC(Cc4ccccc4)C3)no2)nn1,45000.0,4.346787486224656
COc1ccc(-c2cc(C(=O)N3CC(c4cccc(F)c4)C3)no2)cc1OC,3330.0,5.48
COc1ccc(-c2cc(C(=O)N3CC(c4ccccc4)C3)no2)nc1,264.0,6.58
COc1ccc(-c2cc(C(=O)N3CC(c4ccccc4)C3)no2)nn1,23000.0,4.64
COc1ccc(-c2cc(C(=O)N3CCCC3c3ccc(OC)cc3)no2)cc1,45000.0,4.346787486224656
COc1ccc(-c2cc(C(=O)N3CCCC3c3ccccc3F)no2)nc1,40240.0,4.39
COc1ccc(-c2cc(C(=O)N3CCC[C@H]3c3ccccc3)no2)cn1,27070.0,4.57
COc1ccc(-c2cc(C(=O)N3CCC[C@H]3c3ccccc3)no2)nc1,23070.0,4.64
COc1ccc(-c2cc(C(=O)N3CCN(c4ccccc4)CC3)no2)cc1OC,45000.0,4.346787486224656
COc1ccc(-c2cc(NC(=O)[C@@H]3CCCN3c3ccccc3)on2)cc1,45000.0,4.346787486224656
COc1ccc(-c2ccc(N3CCC(N4CCc5ccc(F)cc54)CC3)nn2)cn1,41.5,7.75
COc1ccc(-c2ccc(N3CCC(c4noc5ccc(F)cc45)CC3)nn2)nc1,7.0,8.15
COc1ccc(-c2nc3ccc(NCc4cc(C(F)(F)F)cc(C(F)(F)F)c4)nc3n(CCNC(C)=O)c2=O)cc1,51.0,7.29
COc1ccc(-c2nc3ccc(NCc4cc(C(F)(F)F)ccn4)cc3n(CCNC(C)=O)c2=O)cc1,6.5,8.19
COc1ccc(-c2nc3ccc(NCc4cc(C(F)(F)F)ccn4)nc3n(CCNC(C)=O)c2=O)cc1,180.0,6.75
COc1ccc(-c2nc3ccc(NCc4ccc(C(F)(F)F)cc4)nc3n(CCNC(C)=O)c2=O)cc1,2500.0,5.6
COc1ccc(-c2nc3ccc(NCc4ccc(C)c(C)c4)cc3n(CCNC(C)=O)c2=O)cc1,130.0,6.89
COc1ccc(-c2nc3ccc(NCc4ccc(Cl)c(C(F)(F)F)c4)cc3n(CCNC(C)=O)c2=O)cc1,0.05,10.3
COc1ccc(-c2nc3ccc(NCc4ccc(Cl)c(Cl)c4)cc3n(CCNC(C)=O)c2=O)cc1,8.6,8.07
COc1ccc(-c2nc3ccc(NCc4ccc(Cl)c(Cl)c4)nc3n(CCC(N)=O)c2=O)cc1,16.0,7.8
COc1ccc(-c2nc3ccc(NCc4ccc(Cl)c(Cl)c4)nc3n(CCNC(C)=O)c2=O)cc1,81.0,7.09
COc1ccc(-c2nc3ccc(NCc4ccc(Cl)cc4)nc3n(CCNC(C)=O)c2=O)cc1,110.0,6.96
COc1ccc(-c2nc3ccc(NCc4ccc(F)c(C(F)(F)F)c4)nc3n(CCNC(C)=O)c2=O)cc1,16.0,7.8
COc1ccc(-c2nc3ccc(NCc4ccc(F)c(C)c4)cc3n(CCNC(C)=O)c2=O)cc1,3.1,8.51
COc1ccc(-c2nc3ccc(NCc4ccc(F)c(Cl)c4)nc3n(CCNC(C)=O)c2=O)cc1,47.0,7.33
COc1ccc(-c2nc3ccc(NCc4cccc(C(F)(F)F)c4)cc3n(CCNC(C)=O)c2=O)cc1,18.15,7.98
COc1ccc(-c2nc3ccc(NCc4cccc(C(F)(F)F)c4)nc3n(CCC(N)=O)c2=O)cc1,2.8,8.55
COc1ccc(-c2nc3ccc(NCc4cccc(C(F)(F)F)c4)nc3n(CCNC(C)=O)c2=O)cc1,47.0,7.33
COc1ccc(-c2nc3ccc(NCc4cccc(C)c4)cc3n(CCNC(C)=O)c2=O)cc1,13.0,7.89
COc1ccc(-c2nc3ccc(NCc4cccc(C)c4)nc3n(CCNC(C)=O)c2=O)cc1,96.0,7.02
COc1ccc(-c2nc3ccc(NCc4cccc(Cl)c4)nc3n(CCNC(C)=O)c2=O)cc1,100.0,7.0
COc1ccc(-c2nc3ccc(NCc4cccc(OC(F)(F)F)c4)nc3n(CCNC(C)=O)c2=O)cc1,210.0,6.68
COc1ccc(-c2nc3cnc(NCc4ccc(Cl)c(Cl)c4)cc3n(CCNC(C)=O)c2=O)cc1,34.0,7.47
COc1ccc(-c2nc3cnc(NCc4ccc(Cl)c(Cl)c4)nc3n(CCC(N)=O)c2=O)cc1,140.0,6.85
COc1ccc(-c2nc3cnc(NCc4ccc(Cl)c(Cl)c4)nc3n(CCNC(=O)c3ccccc3)c2=O)cc1,3000.0,5.522878745280337
COc1ccc(-c2nc3cnc(NCc4ccc(Cl)c(Cl)c4)nc3n(CCNC(=O)c3ccsc3)c2=O)cc1,4000.0,5.4
COc1ccc(-c2nc3cnc(NCc4ccc(Cl)c(Cl)c4)nc3n(CCNC(C)=O)c2=O)cc1,410.0,6.39
COc1ccc(-c2nc3cnc(NCc4ccc(Cl)c(Cl)c4)nc3n(CCNS(C)(=O)=O)c2=O)cc1,1670.0,5.78
COc1ccc(-c2nc3cnc(NCc4cccc(C(F)(F)F)c4)nc3n(CCC(N)=O)c2=O)cc1,5.6,8.25
COc1ccc(-c2nc3cnc(NCc4cccc(Cl)c4)nc3n(CCNC(C)=O)c2=O)cc1,4600.0,5.34
COc1ccc(/C=C/C(=O)Nc2ncc(Cc3cccc(C(F)(F)F)c3)s2)cc1,3.0,8.52
COc1ccc(C(=O)N(C)c2ncc(Cc3cccc(C(F)(F)F)c3)s2)cc1OCCO,828.0,6.08
COc1ccc(C(=O)Nc2ccc(Cc3cccc(C(F)(F)F)c3)s2)cc1OCCO,145.0,6.84
COc1ccc(C(=O)Nc2cnc(Cc3cc(C(F)(F)F)cc(C(F)(F)F)c3)s2)cc1OCCO,32.0,7.5
COc1ccc(C(=O)Nc2nc3cc(N)ccc3s2)cc1,50000.0,4.301029995663981
COc1ccc(C(=O)Nc2nc3ccc(OC)cc3s2)cc1,25550.0,5.130514997831991
COc1ccc(C(=O)Nc2nc3ccccc3s2)cc1,16800.0,5.045
COc1ccc(C(=O)Nc2ncc(C(O)c3cccc(C(F)(F)F)c3)s2)cc1OCCO,884.0,6.05
COc1ccc(C(=O)Nc2ncc(Cc3cc(C(F)(F)F)cc(C(F)(F)F)c3)s2)cc1OCCO,0.3,9.52
COc1ccc(C(=O)Nc2ncc(Cc3cc(Cl)cc(Cl)c3)s2)cc1OCCO,7.0,8.445
COc1ccc(C(=O)Nc2ncc(Cc3cc(Cl)ccc3Cl)s2)cc1OCCO,277.0,6.635
COc1ccc(C(=O)Nc2ncc(Cc3cc(F)cc(F)c3)s2)cc1OCCO,59.45,7.74
COc1ccc(C(=O)Nc2ncc(Cc3ccc(C)c(F)c3)s2)cc1OCCO,360.5,6.640000000000001
COc1ccc(C(=O)Nc2ncc(Cc3ccc(Cl)c(Cl)c3)s2)cc1OCCO,7.0,8.445
COc1ccc(C(=O)Nc2ncc(Cc3ccc(F)c(C(F)(F)F)c3)s2)cc1OCCO,4.3,8.66
COc1ccc(C(=O)Nc2ncc(Cc3ccc(F)c(Cl)c3)s2)cc1OCCO,9.5,8.235
COc1ccc(C(=O)Nc2ncc(Cc3ccc(F)c(F)c3)s2)cc1OCCO,21.5,7.76
COc1ccc(C(=O)Nc2ncc(Cc3cccc(C(F)(F)F)c3)s2)cc1,1218.0,5.91
COc1ccc(C(=O)Nc2ncc(Cc3cccc(C(F)(F)F)c3)s2)cc1OC,145.0,6.84
COc1ccc(C(=O)Nc2ncc(Cc3cccc(C(F)(F)F)c3)s2)cc1OCC(C)O,2162.0,5.67
COc1ccc(C(=O)Nc2ncc(Cc3cccc(C(F)(F)F)c3)s2)cc1OCC(O)CO,9999.0,5.000043431619807
COc1ccc(C(=O)Nc2ncc(Cc3cccc(C(F)(F)F)c3)s2)cc1OCCCO,9999.0,5.000043431619807
COc1ccc(C(=O)Nc2ncc(Cc3cccc(C(F)(F)F)c3)s2)cc1OCCO,3.0,8.52
COc1ccc(C(=O)Nc2ncc(Cc3cccc(Cl)c3)s2)cc1OCCO,6.5,8.225000000000001
COc1ccc(C(=O)Nc2ncc(Cc3cccc(F)c3)s2)cc1OCCO,22.5,7.715
COc1ccc(C(=O)Nc2ncc(Cc3cccc(OC(F)(F)F)c3)s2)cc1OCCO,31.5,7.815
COc1ccc(C(=O)Nc2ncc(Oc3cccc(C(F)(F)F)c3)s2)cc1OCCO,1000.0,6.0
COc1ccc(C(=O)Nc2nnc(Cc3cccc(C(F)(F)F)c3)s2)cc1OCCO,8.0,8.1
COc1ccc(C2CCCN2C(=O)c2cc(-c3ccc(C(F)(F)C(F)(F)F)cc3)on2)cc1,45000.0,4.346787486224656
COc1ccc(C2CCCN2C(=O)c2cc(-c3ccc(C(F)(F)F)cc3)on2)cc1,45000.0,4.346787486224656
COc1ccc(C2CCCN2C(=O)c2cc(-c3ccc(F)c(F)c3)on2)cc1,45000.0,4.346787486224656
COc1ccc(C2CCCN2C(=O)c2cc(-c3ccc(F)c(OC)c3)on2)cc1,36630.0,4.44
COc1ccc(C2CCCN2C(=O)c2cc(-c3ccc(OC(F)(F)F)cc3)on2)cc1,45000.0,4.346787486224656
COc1ccc(C2CCCN2C(=O)c2cc(-c3ccc(OC)c(F)c3)on2)cc1,43540.0,4.36
COc1ccc(C2CCCN2C(=O)c2cc(-c3ccc(OC)c(OC)c3)on2)cc1,32180.0,4.49
COc1ccc(C2CCCN2C(=O)c2cc(-c3ccc4c(C)nn(C)c4c3)on2)cc1,45000.0,4.346787486224656
COc1ccc(C2CCCN2C(=O)c2cc(-c3ccc4c(c3)OC(F)(F)O4)on2)cc1,45000.0,4.346787486224656
COc1ccc(C2CCCN2C(=O)c2cc(-c3ccc4c(c3)OCO4)on2)c(F)c1,45000.0,4.346787486224656
COc1ccc(C2CCCN2C(=O)c2cc(-c3ccc4c(c3)OCO4)on2)cc1,45000.0,4.346787486224656
COc1ccc(C2CCCN2C(=O)c2cc(-c3ccc4c(c3)OCO4)on2)nc1,45000.0,4.346787486224656
COc1ccc(C2CCCN2C(=O)c2cc(-c3ccc4nc(N(C)C)oc4c3)on2)cc1,14980.0,4.82
COc1ccc(C2CCCN2C(=O)c2cc(-c3ccc4ncoc4c3)on2)cc1,45000.0,4.346787486224656
COc1ccc(C2CCCN2C(=O)c2cc(-c3ccc4ocnc4c3)on2)cc1,45000.0,4.346787486224656
COc1ccc(C2CCCN2C(=O)c2cc(-c3cccc(OC)c3)on2)cc1,45000.0,4.346787486224656
COc1ccc(C2CCCN2C(=O)c2cc(-c3ccccc3)on2)cc1,45000.0,4.346787486224656
COc1ccc(C2CCCN2C(=O)c2cc(-c3ccccc3OC)on2)cc1,45000.0,4.346787486224656
COc1ccc(Cl)c(N2CC3CN(c4ncc(-c5nnn(CC(=O)O)n5)s4)CC3C2)c1,2450.0,5.61
COc1ccc(Cn2cc(NC(=O)c3cc(-c4ccccc4)on3)cn2)cc1,45000.0,4.346787486224656
COc1ccc(NC(=O)c2ncc(Cc3cccc(C(F)(F)F)c3)s2)cc1OCCO,32.0,7.5
COc1ccc([C@@H]2CCCN2C(=O)c2cc(-c3ccc4c(c3)OCO4)on2)cc1,45000.0,4.346787486224656
COc1ccc([C@H]2CCCN2C(=O)c2cc(-c3ccc4c(c3)OCO4)on2)cc1,45000.0,4.346787486224656
COc1ccc2c(c1)N(C1CCN(c3ccc(-c4cnn(C)c4)nn3)CC1)CC2,407.0,6.39
COc1ccc2cc(C(=O)Nc3ncc(Cc4cccc(C(F)(F)F)c4)s3)ccc2c1,9.0,8.05
COc1ccc2ccn(C3CCN(c4ccc(-c5cnn(C)c5)nn4)CC3)c2c1,317.0,6.5
COc1ccc2nc(NC(=O)CCc3ccccc3)sc2c1,50000.0,4.301029995663981
COc1ccc2nc(NC(=O)c3ccc(C(=O)N4CCCCC4)cc3)sc2c1,775.0,6.13
COc1ccc2nc(NC(=O)c3ccc(C(=O)N4CCN(C)CC4)cc3)sc2c1,50000.0,4.301029995663981
COc1ccc2nc(NC(=O)c3ccc(C(=O)N4CCOCC4)cc3)sc2c1,26250.0,4.9505149978319904
COc1ccc2nc(NC(=O)c3ccc(C(=O)NCc4ccccc4)cc3)sc2c1,39.0,7.484999999999999
COc1ccc2nc(NC(=O)c3ccc(C(=O)c4ccccc4)cc3)sc2c1,1604.0,6.8
COc1ccc2nc(NC(=O)c3ccc(C(=O)c4ccccn4)cc3)sc2c1,1011.0,6.68
COc1ccc2nc(NC(=O)c3ccc(C(=O)c4cccnc4)cc3)sc2c1,561.5,6.8
COc1ccc2nc(NC(=O)c3ccc(C(N)c4ccccc4)cc3)sc2c1,38.0,7.465
COc1ccc2nc(NC(=O)c3ccc(C(O)c4ccccn4)cc3)sc2c1,29.0,7.54
COc1ccc2nc(NC(=O)c3ccc(F)cc3)sc2c1,12950.0,5.324999999999999
COc1ccc2nc(NC(=O)c3ccc(N)cc3)sc2c1,11029.0,5.95
COc1ccc2nc(NC(=O)c3ccc(N=[N+]=[N-])cc3)sc2c1,25060.0,5.610514997831991
COc1ccc2nc(NC(=O)c3ccc(Nc4ccccc4)cc3)sc2c1,4472.0,6.205
COc1ccc2nc(NC(=O)c3ccc(OCc4ccccc4)cc3)sc2c1,8521.5,6.07
COc1ccc2nc(NC(=O)c3ccc([C@@H](N)c4ccccc4)cc3)sc2c1,2885.0,6.2
COc1ccc2nc(NC(=O)c3ccc([C@H](N)c4ccccc4)cc3)sc2c1,6050.0,5.34
COc1ccc2nc(NC(=O)c3ccc([N+](=O)[O-])cc3)sc2c1,1480.0,6.175
COc1ccc2nc(NC(=O)c3cccc(C)c3)sc2c1,13100.0,5.26
COc1ccc2nc(NC(=O)c3ccccc3)sc2c1,37500.0,4.475
COc1ccc2nc(NC(=O)c3cccnc3)sc2c1,19050.0,5.195
COc1ccc2nc(NS(=O)(=O)c3ccccc3)sc2c1,50000.0,4.301029995663981
COc1ccc2sc(NC(=O)c3ccc([N+](=O)[O-])cc3)nc2c1,2885.0,5.915
COc1cccc(C(=O)Nc2nc3ccc(OC)cc3s2)c1,10655.0,5.595
COc1cccc(C(=O)Nc2ncc(Cc3cccc(C(F)(F)F)c3)s2)c1,915.0,6.04
COc1cccc(C2CCCN2C(=O)c2cc(-c3ccc4c(c3)OCO4)on2)c1,45000.0,4.346787486224656
COc1cccc(F)c1C1CCCN1C(=O)c1cc(-c2ccc3c(c2)OCO3)on1,45000.0,4.346787486224656
COc1cccc(N2CCN(C(=O)c3cc(-c4ccc5c(c4)OCO5)on3)CC2)c1,45000.0,4.346787486224656
COc1cccc2c1CCC1(CCN(c3nnc(-c4nnn(CC(=O)O)n4)s3)CC1)O2,13.0,7.89
COc1ccccc1-c1cc(C(=O)N2CCC(c3ccccc3)CC2)no1,45000.0,4.346787486224656
COc1ccccc1-c1cc(C(=O)Nc2cnn(Cc3ccccc3)c2)no1,45000.0,4.346787486224656
COc1ccccc1C(=O)C1CCN(c2ccc(C(=O)NCC(O)c3ccccc3)nn2)CC1,679.5,6.245
COc1ccccc1C1CCCN1C(=O)c1cc(-c2ccc3c(c2)OCO3)on1,45000.0,4.346787486224656
COc1ccccc1Cn1cc(NC(=O)c2cc(-c3ccccc3)on2)cn1,45000.0,4.346787486224656
COc1cccnc1C1CCCN1C(=O)c1cc(-c2ccc3c(c2)OCO3)on1,45000.0,4.346787486224656
COc1ccn(-c2nc(C)c(C(=O)NCc3ccccc3)s2)c(=O)c1,61.0,7.21
COc1ccncc1Cn1cc(NC(=O)c2cc(-c3ccccc3F)on2)cn1,45000.0,4.346787486224656
COc1ncc(-c2ccc(N3CCC(N4CCc5ccc(F)cc54)CC3)nn2)cn1,11.0,7.96
COc1ncc(-c2ccc(N3CCC(c4noc5ccc(F)cc45)CC3)nn2)cn1,95.0,7.02
CS(=O)(=O)CC(c1ccccc1)n1cc(NC(=O)c2cc(-c3ccccc3)on2)cn1,45000.0,4.346787486224656
CS(=O)(=O)CCC(c1ccccc1)n1cc(NC(=O)c2cc(-c3ccccc3)on2)cn1,45000.0,4.346787486224656
CS(=O)(=O)c1ccc2nc(-c3ccc(-c4ccc(O)cc4)cc3)[nH]c2c1,2326.0,5.63
CS(=O)(=O)c1ccc2nc(-c3ccc(-c4cccc(Cl)c4)cc3)[nH]c2c1,15.0,7.82
CS(=O)(=O)c1ccc2nc(-c3ccc(-c4cccc(F)c4)cc3)[nH]c2c1,30.0,7.52
CS(=O)(=O)c1ccc2nc(-c3ccc(-c4cccc(O)c4)cc3)[nH]c2c1,342.0,6.47
CS(=O)(=O)c1ccc2nc(-c3ccc(-c4ccccc4)cc3)[nH]c2c1,24.0,7.62
CS(=O)(=O)c1ccc2nc(-c3ccc(-c4ccccc4Cl)cc3)[nH]c2c1,255.0,6.59
CS(=O)(=O)c1ccc2nc(-c3ccc(-c4ccccc4F)cc3)[nH]c2c1,27.0,7.57
CS(=O)(=O)c1ccc2nc(-c3ccc(-c4ccccc4F)nc3)[nH]c2c1,19.0,7.72
CS(=O)(=O)c1ccc2nc(-c3ccc(-c4ccccn4)cc3)[nH]c2c1,1760.0,5.75
CS(=O)(=O)c1ccc2nc(-c3ccc(-c4cccs4)cc3)[nH]c2c1,231.0,6.64
CS(=O)(=O)c1ccc2nc(-c3ccc(-c4ccncc4)cc3)[nH]c2c1,4246.0,5.37
CS(=O)(=O)c1ccc2nc(-c3ccc(-c4ccoc4)cc3)[nH]c2c1,1705.0,5.77
CS(=O)(=O)c1ccn2cc(-c3ccc(-c4ccccc4)cc3)nc2c1,60.0,7.22
CS(=O)(=O)c1cnc2nc(-c3ccc(-c4ccccc4F)cc3)[nH]c2c1,113.0,6.95
CSCC(c1ccccc1)n1cc(NC(=O)c2cc(-c3ccccc3)on2)cn1,45000.0,4.346787486224656
CSCCC(c1ccccc1)n1cc(NC(=O)c2cc(-c3ccccc3)on2)cn1,45000.0,4.346787486224656
C[C@@H]1CCCN1C(=O)c1cc(-c2ccc3c(c2)OCO3)on1,45000.0,4.346787486224656
C[C@H]1CCCN1C(=O)c1cc(-c2ccc3c(c2)OCO3)on1,45000.0,4.346787486224656
C[S+]([O-])CC(c1ccccc1)n1cc(NC(=O)c2cc(-c3ccccc3)on2)cn1,45000.0,4.346787486224656
C[S+]([O-])CCC(c1ccccc1)n1cc(NC(=O)c2cc(-c3ccccc3)on2)cn1,45000.0,4.346787486224656
C[S+]([O-])c1ccc2nc(-c3ccc(-c4ccccc4F)cc3)[nH]c2c1,96.0,7.02
Cc1c(C(=O)N=C(N)N)ncn1Cc1ccc(Cl)cc1,217.0,6.66
Cc1c(NC(=O)c2cc(-c3ccco3)on2)cnn1Cc1ccc(Cl)c(Cl)c1,45000.0,4.346787486224656
Cc1cc(-c2ccc(N3CCC(c4noc5ccc(F)cc45)CC3)nn2)ccn1,171.0,6.77
Cc1cc(C(=O)N2CCN(c3ccc(C(=O)NCCC4CC4)nn3)CC2)c(C(F)(F)F)o1,62.0,7.21
Cc1cc(C2CCCN2C(=O)c2cc(-c3ccc4c(c3)OCO4)on2)no1,45000.0,4.346787486224656
Cc1cc(C2CCCN2C(=O)c2cc(-c3ccc4c(c3)OCO4)on2)on1,45000.0,4.346787486224656
Cc1cc(C2CCCN2C(=O)c2cc(-c3ccco3)on2)on1,45000.0,4.346787486224656
Cc1cc(CNC(=O)c2sc(-n3cnn(Cc4ccc(F)cc4)c3=O)nc2C)[nH]n1,280.0,6.55
Cc1ccc(-c2ccc(N3CCC(N4CCc5ccc(F)cc54)CC3)nn2)cc1,11.0,7.96
Cc1ccc(-c2ccc(N3CCC(N4CCc5ccc(F)cc54)CC3)nn2)cn1,2.0,8.7
Cc1ccc(-c2ccc(N3CCC(N4CCc5ccc(F)cc54)CC3)nn2)s1,6.0,8.22
Cc1ccc(-c2ccc(N3CCC(c4noc5ccc(F)cc45)CC3)nn2)cc1,1000.0,6.0
Cc1ccc(-c2ccc(N3CCC(c4noc5ccc(F)cc45)CC3)nn2)cn1,7.5,8.18
Cc1ccc(-c2ccc(N3CCC(n4ccc5ccc(F)cc54)CC3)nn2)s1,121.0,6.92
Cc1ccc(-c2nc3cnc(NCc4cccc(C(F)(F)F)c4)nc3n(CCC(N)=O)c2=O)cc1,9.6,8.02
Cc1ccc(CNC(=O)c2ccc(N3CCN(C(=O)c4ccccc4C(F)(F)F)CC3)nn2)o1,68.0,7.17
Cc1ccc(Cn2cnc3ccc(NC(=O)OCc4ccccc4)cc3c2=O)cc1C,790.0,6.1
Cc1ccc2c(c1)N(C1CCN(c3ccc(-c4cnn(C)c4)nn3)CC1)CC2,331.5,6.5
Cc1ccc2ccn(C3CCN(c4ccc(-c5cnn(C)c5)nn4)CC3)c2c1,286.0,6.54
Cc1cccc(C(=O)Nc2nc3ccccc3s2)c1,25365.0,5.220514997831991
Cc1cccc(C2CCCN2C(=O)c2cc(-c3ccc4c(c3)OCO4)on2)c1,45000.0,4.346787486224656
Cc1cccc2c1CCC1(CCN(c3ccc(-c4nnc(Cc5cccnc5)o4)nn3)CC1)O2,0.44999999999999996,9.425
Cc1cccc2c1CCC1(CCN(c3ccc(C(=O)NCC(O)c4cccnc4)nn3)CC1)O2,3.5,8.61
Cc1cccc2c1CCC1(CCN(c3ncc(-c4nnn(CC(=O)O)n4)s3)CC1)O2,1.0,9.0
Cc1ccccc1C(=O)C1CCN(c2ccc(C(=O)NCC(O)c3ccc(F)cc3)nn2)CC1,13.5,7.98
Cc1ccccc1C(=O)C1CCN(c2ccc(C(=O)NCC(O)c3cccc(F)c3)nn2)CC1,8.5,8.09
Cc1ccccc1C(=O)C1CCN(c2ccc(C(=O)NCC(O)c3ccccc3)nn2)CC1,15.0,7.82
Cc1ccccc1C(=O)C1CCN(c2ccc(C(=O)NCC(O)c3ccccc3F)nn2)CC1,41.0,7.4399999999999995
Cc1ccccc1C(=O)C1CCN(c2ccc(C(=O)NCC(O)c3ccccn3)nn2)CC1,285.0,6.58
Cc1ccccc1C(=O)C1CCN(c2ccc(C(=O)NCC(O)c3cccnc3)nn2)CC1,28.0,7.55
Cc1ccccc1C(=O)C1CCN(c2ccc(C(=O)NCC(O)c3cccs3)nn2)CC1,34.5,7.48
Cc1ccccc1C(=O)C1CCN(c2ccc(C(=O)NCC(O)c3ccncc3)nn2)CC1,165.5,6.785
Cc1ccccc1C(=O)C1CCN(c2ccc(C(=O)NCC(O)c3ccsc3)nn2)CC1,14.0,7.915
Cc1ccccc1NCc1ccc(C(=O)Nc2nc(C(=O)O)cs2)cc1,10000.0,5.0
Cc1ccccc1NCc1ccc(C(=O)Nc2nc(CC(=O)O)cs2)cc1,14.0,7.85
Cc1ccccc1OC1CCN(c2nc(Cl)cn(C)c2=O)CC1,550.0,6.26
Cc1ccccc1S(=O)(=O)N1CCN(c2ccc(C(=O)NCc3ccccc3)nn2)CC1,19740.0,4.71
Cc1ccn(-c2ccc(N3CCC(c4noc5ccc(F)cc45)CC3)nn2)n1,126.0,6.9
Cc1ccn(-c2nc(C)c(C(=O)NCc3ccccc3)s2)c(=O)c1,191.0,6.72
Cc1ccncc1Cn1cc(NC(=O)c2cc(-c3ccccc3F)on2)cn1,45000.0,4.346787486224656
Cc1cn(-c2ccc(N3CCC(N4CCc5ccc(F)cc54)CC3)nn2)cn1,9.0,8.05
Cc1cn(-c2ccc(N3CCC(N4CCc5ccccc54)CC3)nn2)cn1,76.0,7.12
Cc1cn(-c2ccc(N3CCC(c4noc5cc(F)ccc45)CC3)nn2)cn1,257.0,6.59
Cc1cn(-c2ccc(N3CCC(c4noc5ccc(F)cc45)CC3)nn2)cn1,65.0,7.19
Cc1cn(-c2ccc(N3CCC(n4ccc5ccccc54)CC3)nn2)cn1,86.0,7.07
Cc1cnc(-c2cc(C(=O)Nc3cnn(Cc4ccccc4)c3)no2)s1,45000.0,4.346787486224656
Cc1cnc(-c2ccc(N3CCC(N4CCc5ccc(F)cc54)CC3)nn2)s1,12.0,7.92
Cc1cnc(-c2ccc(N3CCC(c4noc5ccc(F)cc45)CC3)nn2)s1,9.0,8.05
Cc1cnc(CNC(=O)c2ccc(N3CCN(C(=O)c4ccccc4C(F)(F)F)CC3)nn2)cn1,2249.0,5.65
Cc1cnc(CNC(=O)c2sc(-n3cnn(Cc4ccc(F)cc4)c3=O)nc2C)cn1,194.0,6.71
Cc1cnc(N2CCC(Oc3cc(F)ccc3Cl)CC2)nn1,100.0,7.0
Cc1cnccc1-c1cc(C(=O)Nc2cnn(Cc3ccccc3)c2)no1,45000.0,4.346787486224656
Cc1cnn(-c2ccc(N3CCC(N4CCc5ccc(F)cc54)CC3)nn2)c1,17.0,7.8
Cc1cnn(-c2ccc(N3CCC(c4noc5ccc(F)cc45)CC3)nn2)c1,12.0,7.92
Cc1cnnc(N2CCC(Oc3cc(C(F)(F)F)ccc3Cl)CC2)n1,300.0,6.52
Cc1cnnc(N2CCC(Oc3cc(F)ccc3Cl)CC2)n1,100.0,7.0
Cc1cnnc(N2CCC(Oc3ccccc3Cl)CC2)n1,650.0,6.19
Cc1cnoc1C1CCCN1C(=O)c1cc(-c2ccc3c(c2)OCO3)on1,45000.0,4.346787486224656
Cc1csc(-c2cc(C(=O)Nc3cnn(Cc4ccccc4)c3)no2)n1,45000.0,4.346787486224656
Cc1csc(-c2ccc(N3CCC(N4CCc5ccc(F)cc54)CC3)nn2)n1,2.0,8.7
Cc1csc(-c2ccc(N3CCC(c4noc5ccc(F)cc45)CC3)nn2)c1,118.0,6.925000000000001
Cc1csc(-c2ccc(N3CCC(c4noc5ccc(F)cc45)CC3)nn2)n1,21.0,7.68
Cc1csc(NC(=O)N2CCC(CNc3ccccc3C(F)(F)F)CC2)n1,30.0,7.52
Cc1csc(NC(=O)c2ccc(CNc3ccc(Cl)cc3)cc2)n1,760.0,6.12
Cc1csc(NC(=O)c2ccc(CNc3cccc(Cl)c3)cc2)n1,18.0,7.75
Cc1csc(NC(=O)c2ccc(CNc3ccccc3)cc2)n1,95.0,7.02
Cc1csc(NC(=O)c2ccc(CNc3ccccc3C(=O)O)cc2)n1,3600.0,5.44
Cc1csc(NC(=O)c2ccc(CNc3ccccc3C(F)(F)F)cc2)n1,4.1,8.39
Cc1csc(NC(=O)c2ccc(CNc3ccccc3C(F)(F)F)s2)n1,9.7,8.01
Cc1csc(NC(=O)c2ccc(CNc3ccccc3C)cc2)n1,6.4,8.19
Cc1csc(NC(=O)c2ccc(CNc3ccccc3C)cn2)n1,46.0,7.34
Cc1csc(NC(=O)c2ccc(CNc3ccccc3C)nc2)n1,310.0,6.51
Cc1csc(NC(=O)c2ccc(CNc3ccccc3Cl)cc2)n1,9.2,8.04
Cc1csc(NC(=O)c2ccc(COc3ccccc3Cl)cc2)n1,150.0,6.82
Cc1nc(-c2cn(Cc3ccccc3)nn2)sc1C(=O)NCc1ccccc1,9983.0,5.0
Cc1nc(-c2cnc(N3CCC(Oc4ccccc4C(F)(F)F)CC3)s2)no1,39.0,7.41
Cc1nc(-c2cncc(Cc3ccccc3)n2)sc1C(=O)NCc1ccccc1,618.0,6.21
Cc1nc(-c2n[nH]c(Cc3ccccc3)n2)sc1C(=O)NCc1ccccc1,236.0,6.63
Cc1nc(-c2noc(Cc3ccccc3)n2)sc1C(=O)NCc1ccccc1,1925.0,5.72
Cc1nc(-n2cc(Cc3ccccc3)nn2)sc1C(=O)NCc1ccccc1,675.0,6.17
Cc1nc(-n2ccc(-c3ccccc3)cc2=O)sc1C(=O)NCc1ccccc1,2578.0,5.59
Cc1nc(-n2ccc(C(F)(F)F)cc2=O)sc1C(=O)NCc1ccccc1,1510.0,5.82
Cc1nc(-n2ccc(C3CC3)cc2=O)sc1C(=O)NCc1ccccc1,458.0,6.34
Cc1nc(-n2ccc(CCc3ccccc3)cc2=O)sc1C(=O)NCc1ccccc1,50.0,7.3
Cc1nc(-n2ccc(O)cc2=O)sc1C(=O)NCC1CC1,1692.0,5.77
Cc1nc(-n2ccc(O)cc2=O)sc1C(=O)NCCC1CC1,783.0,6.11
Cc1nc(-n2ccc(O)cc2=O)sc1C(=O)NCCc1ccc(F)cc1,121.0,6.92
Cc1nc(-n2ccc(O)cc2=O)sc1C(=O)NCc1ccc(F)c(F)c1,48.0,7.32
Cc1nc(-n2ccc(O)cc2=O)sc1C(=O)NCc1ccc(F)cc1,30.0,7.52
Cc1nc(-n2ccc(O)cc2=O)sc1C(=O)NCc1cccc(F)c1,137.0,6.86
Cc1nc(-n2ccc(O)cc2=O)sc1C(=O)NCc1ccccc1,34.0,7.47
Cc1nc(-n2ccc(O)cc2=O)sc1C(=O)NCc1ccncc1,1000.0,6.0
Cc1nc(-n2ccc(OCC3CCCO3)cc2=O)sc1C(=O)NCc1ccccc1,329.0,6.48
Cc1nc(-n2ccc(OCCC3CC3)cc2=O)sc1C(=O)NCc1ccccc1,12.0,7.92
Cc1nc(-n2ccc(OCc3ccccc3)cc2=O)sc1C(=O)NCc1ccccc1,26.0,7.58
Cc1nc(-n2ccc(OCc3cscn3)cc2=O)sc1C(=O)NCc1ccccc1,55.0,7.26
Cc1nc(-n2ccccc2=O)sc1C(=O)NCc1ccccc1,2536.0,5.6
Cc1nc(-n2cnn(C(C)c3ccc(F)cc3)c2=O)sc1C(=O)NCc1ccccn1,66.0,7.18
Cc1nc(-n2cnn(CC3CC3(F)F)c2=O)sc1C(=O)NCc1cccnc1,306.0,6.51
Cc1nc(-n2cnn(CC3CC3)c2=O)sc1C(=O)NCc1cccnc1,140.0,6.85
Cc1nc(-n2cnn(CCCC(F)(F)F)c2=O)sc1C(=O)NCc1cccnc1,398.0,6.4
Cc1nc(-n2cnn(CCOc3ccc(F)cc3)c2=O)sc1C(=O)NCc1cccnc1,9.0,8.05
Cc1nc(-n2cnn(Cc3cc(F)cc(F)c3)c2=O)sc1C(=O)NCc1cccnc1,125.0,6.9
Cc1nc(-n2cnn(Cc3ccc(C(F)(F)F)cc3)c2=O)sc1C(=O)NCc1ccccn1,227.0,6.64
Cc1nc(-n2cnn(Cc3ccc(C(F)(F)F)cc3)c2=O)sc1C(=O)NCc1cccnc1,46.0,7.34
Cc1nc(-n2cnn(Cc3ccc(C(F)(F)F)o3)c2=O)sc1C(=O)NCc1cccnc1,8.0,8.1
Cc1nc(-n2cnn(Cc3ccc(F)cc3)c2=O)sc1C(=O)NCc1cc[nH]n1,105.0,6.98
Cc1nc(-n2cnn(Cc3ccc(F)cc3)c2=O)sc1C(=O)NCc1ccccn1,67.0,7.17
Cc1nc(-n2cnn(Cc3ccc(F)cc3)c2=O)sc1C(=O)NCc1cccnc1,268.0,6.57
Cc1nc(-n2cnn(Cc3ccc(F)cc3)c2=O)sc1C(=O)NCc1cn(C)cn1,504.0,6.3
Cc1nc(-n2cnn(Cc3ccc(F)cc3)c2=O)sc1C(=O)NCc1cnn(C)c1,477.0,6.32
Cc1nc(-n2cnn(Cc3ccc(F)cc3)c2=O)sc1C(=O)NCc1cocn1,39.0,7.41
Cc1nc(-n2cnn(Cc3ccc(F)cc3)c2=O)sc1C(=O)NCc1ncco1,214.0,6.67
Cc1nc(-n2cnn(Cc3ccc(F)cc3)c2=O)sc1C(=O)NCc1nccs1,9.0,8.05
Cc1nc(-n2cnn(Cc3ccc(F)cc3)c2=O)sc1C(N)=O,945.0,6.03
Cc1nc(N2CCN(CC3CC3)C2=O)sc1C(=O)NCc1cccnc1,63.0,7.2
Cc1nc(N2CCN(CC3CCCCC3)C2=O)sc1C(=O)NCc1cccnc1,135.0,6.87
Cc1nc(N2CCN(CCCc3ccccc3)C2=O)sc1C(=O)NCc1cccnc1,8.0,8.1
Cc1nc(N2CCN(Cc3ccc(F)cc3)C2=O)sc1C(=O)NCc1ccccn1,40.0,7.4
Cc1nc(N2CCN(Cc3ccc(F)cc3)C2=O)sc1C(=O)NCc1cccnc1,10.0,8.0
Cc1nc(N2CCN(Cc3ccc(F)cc3)C2=O)sc1C(=O)NCc1ncco1,95.0,7.02
Cc1nc(N2CCN(Cc3ccc(F)cc3)C2=O)sc1C(N)=O,55.0,7.26
Cc1nc(N2CCN(Cc3ccccc3)C2=O)sc1C(=O)NCc1ccc(F)cc1,194.0,6.71
Cc1nc(N2CCN(Cc3ccccc3)C2=O)sc1C(=O)NCc1cccc(F)c1,219.0,6.66
Cc1nc(N2CCN(Cc3ccccc3)C2=O)sc1C(=O)NCc1ccccc1,53.0,7.28
Cc1nc(N2CCN(Cc3ccccc3)C2=O)sc1C(=O)NCc1ccccn1,158.0,6.8
Cc1nc(N2CCN(Cc3ccccc3)C2=O)sc1C(=O)NCc1cccnc1,524.0,6.28
Cc1nc(N2CCN(Cc3ccccc3)C2=O)sc1C(=O)NCc1ccncc1,656.0,6.18
Cc1nc(N2C[C@@H](Cc3ccccc3)NC2=O)sc1C(=O)NCc1ccccc1,2175.0,5.66
Cc1nc(NC(=O)Cc2ccccc2)sc1C(=O)NCc1ccccc1,2677.0,5.57
Cc1nc(OCCCOc2cc(F)ccc2Br)sc1-c1nnn(CC(=O)O)n1,20500.0,4.69
Cc1nc2ccc(NCc3cccc(C(F)(F)F)c3)cc2n(CCNC(=O)C(O)CO)c1=O,68.0,7.17
Cc1nc2ccc(NCc3cccc(C(F)(F)F)c3)cc2n(CCNC(=O)CO)c1=O,6.1,8.21
Cc1nc2ccc(NCc3cccc(C(F)(F)F)c3)cc2n(CCNC(N)=O)c1=O,1000.0,6.0
Cc1nc2nc(N3CCC(Oc4ccccc4C(F)(F)F)CC3)sc2c(=O)[nH]1,59.0,7.23
Cc1ncc(-c2cc(C(=O)Nc3cnn(Cc4cccc(F)c4)c3)no2)o1,990.0,6.0
Cc1ncc(-c2cc(C(=O)Nc3cnn(Cc4ccccc4)c3)no2)o1,11000.0,4.96
Cc1ncc(-c2cc(C(=O)Nc3cnn(Cc4ccccc4)c3)no2)s1,45000.0,4.346787486224656
Cc1ncc(CNC(=O)c2sc(-n3cnn(Cc4ccc(F)cc4)c3=O)nc2C)s1,32.0,7.5
Cc1ncc2sc(N3CCC(Oc4ccccc4C(F)(F)F)CC3)nc2n1,182.0,6.74
Cc1nn(C)c(C)c1NC(=O)c1cc(-c2ccco2)on1,45000.0,4.346787486224656
Cc1nn(C)c2cc(-c3cc(C(=O)N4CCCC4c4cccnn4)no3)ccc12,45000.0,4.346787486224656
Cc1nn(C)c2cc(-c3cc(C(=O)N4CCCC4c4ccnnc4)no3)ccc12,45000.0,4.346787486224656
Cc1nn(C)c2cc(-c3cc(C(=O)N4CCN(c5ccccc5)CC4)no3)ccc12,45000.0,4.346787486224656
Cc1nn(C)c2cc(-c3cc(C(=O)N4COCC4c4ccccc4)no3)ccc12,45000.0,4.346787486224656
Cc1nn(C)c2cc(-c3cc(CN4C(=O)OCC4c4ccccc4)no3)ccc12,45000.0,4.346787486224656
Cc1nn(C)c2cc(-c3conc3CN3C(=O)OCC3c3ccccc3)ccc12,45000.0,4.346787486224656
Cc1nn(Cc2ccc(Cl)c(Cl)c2)c(C)c1NC(=O)c1cc(-c2ccco2)on1,45000.0,4.346787486224656
Cc1nn(Cc2ccc(Cl)c(Cl)c2)cc1NC(=O)c1cc(-c2ccco2)on1,45000.0,4.346787486224656
Cc1nn(Cc2ccccc2)c(C)c1NC(=O)c1cc(-c2ccc3c(c2)OCO3)on1,45000.0,4.346787486224656
Cc1nn(Cc2ccccc2)c(C)c1NC(=O)c1cc(-c2ccco2)on1,32830.0,4.48
Cc1nn(Cc2ccccc2)cc1NC(=O)c1cc(-c2ccccc2)on1,1830.0,5.74
Cc1nnc(-c2cc(C(=O)Nc3cnn(Cc4cccc(F)c4)c3)no2)o1,45000.0,4.346787486224656
Cc1nnc(-c2cc(C(=O)Nc3cnn(Cc4cccc(F)c4)c3)no2)s1,45000.0,4.346787486224656
Cc1nnc(-c2cc(C(=O)Nc3cnn(Cc4ccccc4)c3)no2)o1,45000.0,4.346787486224656
Cc1nnc(-c2cc(C(=O)Nc3cnn(Cc4ccccc4)c3)no2)s1,45000.0,4.346787486224656
Cc1nnc(-c2ccc(N3CCC(Oc4cc(F)ccc4Cl)CC3)nn2)o1,10.0,8.0
Cc1nnc(-c2ccc(N3CCC(Oc4ccccc4C(F)(F)F)CC3)nn2)s1,21.0,7.68
Cc1nnc(-c2ccc(N3CCC(c4noc5ccc(F)cc45)CC3)nn2)o1,315.0,6.5
Cc1nnc(N2CCC(Oc3cc(C(F)(F)F)ccc3Cl)CC2)nc1C,550.0,6.26
Cc1nsc(-c2ccc(N3CCC(N4CCc5ccccc54)CC3)nn2)n1,14.0,7.85
Cc1nsc(-c2ccc(N3CCC(c4noc5ccc(F)cc45)CC3)nn2)n1,68.0,7.17
Cc1nsc(-c2ccc(N3CCC(n4ccc5ccccc54)CC3)nn2)n1,34.0,7.47
Clc1cccc2c1CCC1(CCN(c3ccc(-c4nnc(Cc5cccnc5)o4)nn3)CC1)O2,0.53,9.61
Clc1ccccc1OC1CCN(c2nccnn2)CC1,550.0,6.26
Cn1c(=O)oc2ccc(-c3cc(C(=O)N4CCC[C@H]4c4ccccc4)no3)cc21,45000.0,4.346787486224656
Cn1cc(-c2cc(C(=O)N3CCC[C@H]3c3ccccc3)no2)ccc1=O,36340.0,4.44
Cn1cc(-c2ccc(N3CCC(N4CCc5c(Cl)cc(Cl)cc54)CC3)nn2)cn1,1000.0,6.0
Cn1cc(-c2ccc(N3CCC(N4CCc5c(Cl)cccc54)CC3)nn2)cn1,1000.0,6.0
Cn1cc(-c2ccc(N3CCC(N4CCc5cc(Cl)ccc54)CC3)nn2)cn1,218.0,6.66
Cn1cc(-c2ccc(N3CCC(N4CCc5cc(F)ccc54)CC3)nn2)cn1,99.0,7.0
Cn1cc(-c2ccc(N3CCC(N4CCc5ccc(C(F)(F)F)cc54)CC3)nn2)cn1,21.0,7.68
Cn1cc(-c2ccc(N3CCC(N4CCc5ccc(CO)cc54)CC3)nn2)cn1,394.0,6.41
Cn1cc(-c2ccc(N3CCC(N4CCc5ccc(Cl)cc54)CC3)nn2)cn1,28.0,7.55
Cn1cc(-c2ccc(N3CCC(N4CCc5ccc(F)cc54)CC3)nn2)cn1,36.0,7.44
Cn1cc(-c2ccc(N3CCC(c4noc5ccc(F)cc45)CC3)nn2)cn1,16.0,7.8100000000000005
Cn1cc(-c2ccc(N3CCC(n4c(C(F)(F)F)nc5ccccc54)CC3)nn2)cn1,1000.0,6.0
Cn1cc(-c2ccc(N3CCC(n4ccc5c(F)cccc54)CC3)nn2)cn1,678.0,6.17
Cn1cc(-c2ccc(N3CCC(n4ccc5cc(Cl)ccc54)CC3)nn2)cn1,181.0,6.74
Cn1cc(-c2ccc(N3CCC(n4ccc5ccc(C(F)(F)F)cc54)CC3)nn2)cn1,173.0,6.76
Cn1cc(-c2ccc(N3CCC(n4ccc5ccc(Cl)cc54)CC3)nn2)cn1,35.0,7.46
Cn1cc(-c2ccc(N3CCC(n4ccc5ccc(F)cc54)CC3)nn2)cn1,24.0,7.619999999999999
Cn1cc(-c2ccc(N3CCC(n4ccc5ccccc54)CC3)nn2)cn1,126.0,6.9
Cn1cc(-c2ccc(N3CCC(n4nc(Cl)c5ccccc54)CC3)nn2)cn1,6.0,8.22
Cn1cc(-c2ccc(N3CCC(n4ncc5c(C(F)(F)F)cccc54)CC3)nn2)cn1,52.0,7.28
Cn1cc(-c2ccc(N3CCC(n4ncc5c(Cl)cccc54)CC3)nn2)cn1,15.0,7.82
Cn1cc(-c2ccc(N3CCC(n4ncc5c(F)cccc54)CC3)nn2)cn1,68.0,7.17
Cn1cc(-c2ccc(N3CCC(n4ncc5cc(F)ccc54)CC3)nn2)cn1,145.0,6.84
Cn1cc(-c2ccc(N3CCC(n4ncc5ccc(C(F)(F)F)cc54)CC3)nn2)cn1,8.0,8.1
Cn1cc(-c2ccc(N3CCC(n4ncc5ccc(Cl)cc54)CC3)nn2)cn1,16.0,7.8
Cn1cc(-c2ccc(N3CCC(n4ncc5ccc(F)cc54)CC3)nn2)cn1,30.0,7.67
Cn1cc(-c2ccc(N3CCC(n4ncc5ccccc54)CC3)nn2)cn1,92.0,7.04
Cn1cc(-c2ccc(N3CCC(n4nnc5ccccc54)CC3)nn2)cn1,939.0,6.03
Cn1cc(Cl)nc(N2CCC(Oc3cc(C(F)(F)F)ccc3Cl)CC2)c1=O,200.0,6.7
Cn1cc(Cl)nc(N2CCC(Oc3cc(F)ccc3Cl)CC2)c1=O,20.0,7.7
Cn1cc(Cl)nc(N2CCC(Oc3ccccc3C(F)(F)F)CC2)c1=O,200.0,6.7
Cn1cc(Cl)nc(N2CCC(Oc3ccccc3Cl)CC2)c1=O,550.0,6.26
Cn1cc(NC(=O)c2cc(-c3ccco3)on2)cn1,45000.0,4.346787486224656
Cn1cc2ccc(-c3cc(C(=O)N4CC(c5ccccc5)C4)no3)cc2n1,45000.0,4.346787486224656
Cn1ccc(-c2cc(C(=O)N3CCC[C@H]3c3ccccc3)no2)cc1=O,29370.0,4.53
Cn1ccc(NC(=O)c2cn(Cc3cccc(OC(F)(F)F)c3)cn2)n1,88.0,7.06
Cn1cccc(-c2cc(C(=O)Nc3cnn(Cc4cccc(F)c4)c3)no2)c1=O,12000.0,4.92
Cn1ccnc(N2CCC(Oc3ccccc3C(F)(F)F)CC2)c1=O,100.0,7.0
Cn1ccnc1C1CCCN1C(=O)c1cc(-c2ccc3c(c2)OCO3)on1,45000.0,4.346787486224656
Cn1nc(Cc2ccc(Cl)c(Cl)c2)cc1NC(=O)c1cc(-c2ccco2)on1,45000.0,4.346787486224656
Cn1nc(Cc2cccnc2)nc1-c1ccc(N2CCC3(CCc4c(cccc4C(F)(F)F)O3)CC2)nn1,51.5,7.305
Cn1ncc2ccc(-c3cc(C(=O)N4CC(c5ccccc5)C4)no3)cc21,45000.0,4.346787486224656
Cn1ncc2cccc(C3CCCN3C(=O)c3cc(-c4ccc5c(c4)OCO5)on3)c21,45000.0,4.346787486224656
Cn1nccc(N2CCC(Oc3cc(C(F)(F)F)ccc3Cl)CC2)c1=O,200.0,6.7
Cn1nccc1-c1ccc2c(C(=O)N3CCC[C@H]3c3ccccc3)noc2c1,45000.0,4.346787486224656
Cn1nccc1C1CCCN1C(=O)c1cc(-c2ccc3c(c2)OCO3)on1,45000.0,4.346787486224656
FC(F)(F)c1ccc(Cl)c(OC2CCN(c3nccnn3)C2)c1,650.0,6.19
FC(F)(F)c1ccc(Cl)c(OC2CCN(c3nccnn3)CC2)c1,100.0,7.0
FC(F)(F)c1cccc2c1CCC1(CCN(c3ccc(-c4nc(Cc5cccnc5)n[nH]4)nn3)CC1)O2,2.5,8.7
FC(F)(F)c1cccc2c1CCC1(CCN(c3ccc(-c4nnc(-c5cccnc5)o4)nn3)CC1)O2,10000.0,5.0
FC(F)(F)c1cccc2c1CCC1(CCN(c3ccc(-c4nnc(CCc5cccnc5)o4)nn3)CC1)O2,25.5,7.63
FC(F)(F)c1cccc2c1CCC1(CCN(c3ccc(-c4nnc(Cc5cccnc5)o4)nn3)CC1)O2,0.06,10.22
FC(F)(F)c1ccccc1NC1CCN(c2nccnn2)CC1,30.0,7.52
FC(F)(F)c1ccccc1OC1CCN(c2nc3ncccc3s2)CC1,755.0,6.12
FC(F)(F)c1ccccc1OC1CCN(c2ncc(-c3ncco3)s2)CC1,55.0,7.26
FC(F)(F)c1ccccc1OC1CCN(c2ncc(-c3ncon3)s2)CC1,16.0,7.8
FC(F)(F)c1ccccc1OC1CCN(c2ncc(-c3nnco3)s2)CC1,65.0,7.19
FC(F)(F)c1ccccc1OC1CCN(c2ncc3nc[nH]c3n2)CC1,257.0,6.59
FC(F)(F)c1ccccc1OC1CCN(c2nccnn2)CC1,550.0,6.26
FC(F)(F)c1ccccc1OC1CCN(c2ncnc3[nH]cnc23)CC1,48.0,7.32
FC(F)(F)c1ccccc1OC1CCN(c2nnc(-c3nn[nH]n3)s2)CC1,50000.0,4.301029995663981
Fc1cc(Br)c(OC2CCN(c3nccnn3)CC2)cc1F,55.0,7.26
Fc1ccc(-c2ccc(N3CCC(N4CCc5ccc(F)cc54)CC3)nn2)cc1,12.5,7.970000000000001
Fc1ccc(Br)c(OC2CCN(c3nc4ccccc4s3)CC2)c1,10639.0,4.97
Fc1ccc(Br)c(OC2CCN(c3ncc4nc[nH]c4n3)CC2)c1,47.0,7.33
Fc1ccc(Br)c(OC2CCN(c3ncnc4[nH]cnc34)CC2)c1,39.0,7.4089353929735005
Fc1ccc(Br)c(OC2CCN(c3nnc(-c4nn[nH]n4)s3)CC2)c1,12588.0,4.9
Fc1ccc(Cl)c(OC2CCN(c3nccnn3)CC2)c1,30.0,7.52
Fc1ccc(F)c2c1CCC1(CCN(c3ccc(-c4nnc(Cc5cccnc5)o4)nn3)CC1)O2,0.55,9.5
Fc1ccc2c(c1)N(C1CCN(c3ccc(-c4ccc(C(F)(F)F)cc4)nn3)CC1)CC2,72.0,7.16
Fc1ccc2c(c1)N(C1CCN(c3ccc(-c4ccc(C(F)(F)F)nc4)nn3)CC1)CC2,14.0,7.85
Fc1ccc2c(c1)N(C1CCN(c3ccc(-c4cn[nH]c4)nn3)CC1)CC2,21.0,7.68
Fc1ccc2c(c1)N(C1CCN(c3ccc(-c4cnn(CCN5CCOCC5)c4)nn3)CC1)CC2,275.0,6.56
Fc1ccc2ccn(C3CCN(c4ccc(-c5ccc(C(F)(F)F)nc5)nn4)CC3)c2c1,16.0,7.8
Fc1ccc2onc(C3CCN(c4ccc(-c5cccnc5)nn4)CC3)c2c1,165.0,6.78
Fc1ccc2onc(C3CCN(c4ccc(-c5cn[nH]c5)nn4)CC3)c2c1,111.0,6.96
Fc1ccc2onc(C3CCN(c4ccc(-n5ccnc5)nn4)CC3)c2c1,156.0,6.81
Fc1cccc2c1CCC1(CCN(c3ccc(-c4nnc(Cc5cccnc5)o4)nn3)CC1)O2,0.5,9.335
N#CC1(c2ccc(C(F)(F)F)cc2)CCN(c2ccc(-c3nc(CO)no3)nn2)CC1,27.0,7.57
N#CC1(c2ccc(Cl)cc2)CCN(c2ccc(-c3nc(CO)no3)nn2)CC1,20.0,7.7
N#CC1(c2ccc(OC(F)(F)F)cc2)CCN(c2ccc(-c3nc(CO)no3)nn2)CC1,11.0,7.96
N#CC1(c2ccc(S(F)(F)(F)(F)F)cc2)CCN(c2ccc(-c3nc(CO)no3)nn2)CC1,9.5,8.02
N#CC1(c2ccc([N+](=O)[O-])cc2)CCN(c2ccc(-c3nc(CO)no3)nn2)CC1,100.0,7.0
N#CC1(c2cccc(Cl)c2)CCN(c2ccc(-c3nc(CO)no3)nn2)CC1,15.0,7.82
N#CC1(c2ccccc2)CCN(c2ccc(-c3nc(CO)no3)nn2)CC1,190.0,6.72
N#CC1(c2ccccc2Cl)CCN(c2ccc(-c3nc(CO)no3)nn2)CC1,80.0,7.1
N#Cc1cc(C(=O)Nc2cnn(Cc3cccc(F)c3)c2)no1,45000.0,4.346787486224656
N#Cc1cc(F)cc(Cn2cc(NC(=O)c3cc(-c4ccccc4)on3)cn2)c1,45000.0,4.346787486224656
N#Cc1ccc(-c2cc(C(=O)N3CCC(c4ccccc4)CC3)no2)c(F)c1,160.0,6.8
N#Cc1ccc(-c2cc(C(=O)N3CCC(c4ccccc4)CC3)no2)cc1,45000.0,4.346787486224656
N#Cc1ccc(-c2cc(C(=O)N3CCC[C@H]3c3ccccc3)no2)cc1,45000.0,4.346787486224656
N#Cc1ccc(-c2cc(C(=O)N3CCC[C@H]3c3ccccc3)no2)nc1,45000.0,4.346787486224656
N#Cc1ccc(-c2cc(C(=O)Nc3cnn(Cc4cc(F)ccc4C(F)(F)F)c3)no2)nc1,45000.0,4.346787486224656
N#Cc1ccc(-c2cc(C(=O)Nc3cnn(Cc4ccccc4)c3)no2)cc1,980.0,6.01
N#Cc1ccc(C2CCCN2C(=O)c2cc(-c3ccc4c(c3)OCO4)on2)cc1,45000.0,4.346787486224656
N#Cc1ccc(C2CCN(C(=O)c3cc(-c4ccc5c(c4)OCO5)on3)CC2)cc1,45000.0,4.346787486224656
N#Cc1ccc(CN(C(=O)c2cc(-c3ccccc3)on2)c2cnn(Cc3ccc(C#N)cc3)c2)cc1,45000.0,4.346787486224656
N#Cc1ccc(Cn2cc(NC(=O)c3cc(-c4ccccc4)on3)cn2)cc1,45000.0,4.346787486224656
N#Cc1ccc(Cn2cc(NC(=O)c3cc(-c4ccccc4)on3)cn2)nc1,45000.0,4.346787486224656
N#Cc1ccc(Cn2cc(NC(=O)c3cc(-c4ccccc4)on3)cn2)s1,45000.0,4.346787486224656
N#Cc1ccc(F)cc1Cn1cc(NC(=O)c2cc(-c3ccccc3)on2)cn1,45000.0,4.346787486224656
N#Cc1ccc2c(C(=O)N3CCC[C@H]3c3ccccc3)noc2c1,45000.0,4.346787486224656
N#Cc1ccc2nc(-c3ccc(-c4ccccc4F)cc3)[nH]c2c1,20000.0,4.698970004336019
N#Cc1cccc(-c2cc(C(=O)N3CCC(c4ccccc4)CC3)no2)c1,45000.0,4.346787486224656
N#Cc1cccc(-c2cc(C(=O)N3CCC[C@H]3c3ccccc3)no2)c1,31050.0,4.51
N#Cc1cccc(-c2cc(C(=O)Nc3cnn(Cc4ccccc4)c3)no2)c1,4620.0,5.33
N#Cc1cccc(C2CCCN2C(=O)c2cc(-c3ccc4c(c3)OCO4)on2)c1,38900.0,4.41
N#Cc1cccc(Cn2cc(NC(=O)c3cc(-c4ccccc4)on3)cn2)c1,45000.0,4.346787486224656
N#Cc1ccccc1-c1cc(C(=O)N2CCC(c3ccccc3)CC2)no1,45000.0,4.346787486224656
N#Cc1ccccc1-c1cc(C(=O)N2CCC[C@H]2c2ccccc2)no1,45000.0,4.346787486224656
N#Cc1ccccc1-c1cc(C(=O)Nc2cnn(Cc3cccc(F)c3)c2)no1,45000.0,4.346787486224656
N#Cc1ccccc1-c1cc(C(=O)Nc2cnn(Cc3ccccc3)c2)no1,45000.0,4.346787486224656
N#Cc1ccccc1C1CCCN1C(=O)c1cc(-c2ccc3c(c2)OCO3)on1,45000.0,4.346787486224656
N#Cc1cccnc1C1CCCN1C(=O)c1cc(-c2ccc3c(c2)OCO3)on1,45000.0,4.346787486224656
N#Cc1nccnc1NCC(=O)N1CCC(Oc2ccccc2Cl)CC1,340.0,6.47
N#Cc1nn(Cc2ccccc2)cc1NC(=O)c1cc(-c2ccccc2)on1,45000.0,4.346787486224656
NC(=O)CCn1c(=O)c(-c2cccnc2)nc2cnc(NCc3ccc(Cl)c(Cl)c3)nc21,36.0,7.44
NC(=O)CCn1c(=O)c(-c2cccnc2)nc2cnc(NCc3cccc(C(F)(F)F)c3)nc21,92.0,7.04
NC(=O)Cn1cc(-c2ccc(N3CCC(N4CCc5ccc(F)cc54)CC3)nn2)cn1,387.0,6.41
NC(=O)c1cc(C(=O)N2CCC(c3ccccc3)C2)no1,7610.0,5.12
NC(=O)c1cc(C(=O)Nc2cnn(Cc3cccc(F)c3)c2)no1,45000.0,4.346787486224656
NC(=O)c1cc(C(=O)Nc2cnn(Cc3ccccc3)c2)no1,45000.0,4.346787486224656
NC(=O)c1cc(N2CCC(Oc3ccccc3C(F)(F)F)CC2)no1,14.0,7.85
NC(=O)c1ccc(-c2ccc(N3CCC(N4CCc5ccc(F)cc54)CC3)nn2)cc1,1000.0,6.0
NC(=O)c1cn(Cc2cc(Br)c(Br)c(Br)c2)nn1,760.0,6.12
NC(=O)c1cnc(N2CCC(Oc3ccccc3C(F)(F)F)CC2)s1,10.0,8.0
NC(=O)c1cnc(N2CCC(Sc3ccccc3C(F)(F)F)CC2)s1,24.0,7.62
NC(=O)c1cnc(N2CCN(C(=O)c3ccccc3C(F)(F)F)CC2)s1,277.0,6.555
NC(=O)c1cnc(N2CCN(Cc3ccccc3C(F)(F)F)CC2)s1,153.0,6.82
NC(=O)c1cnc(N2CC[C@H](Oc3ccccc3C(F)(F)F)C2)s1,84.0,7.08
NC(=O)c1csc(N2CCC(Oc3ccccc3C(F)(F)F)CC2)n1,6523.0,5.19
NC(=O)c1n[nH]c(N2CCC(Oc3ccccc3C(F)(F)F)CC2)n1,2823.0,5.55
NC(=O)c1ncccc1NCC(=O)N1CCC(Oc2ccccc2C(F)(F)F)CC1,90.0,7.05
NC(=O)c1nccnc1NCC(=O)N1CCC(Oc2ccccc2Cl)CC1,94.0,7.03
NC(=O)c1nnc(N2CCC(Oc3ccccc3C(F)(F)F)CC2)o1,199.0,6.7
NC(=O)c1nnc(N2CCC(Oc3ccccc3C(F)(F)F)CC2)s1,7.0,8.15
NC1(c2ccccc2)CCN(c2ccc(-c3nc(CO)no3)nn2)CC1,220.0,6.66
NNC(=O)c1ccc(N2CCC(c3noc4ccc(F)cc34)CC2)nn1,59.0,7.23
NS(=O)(=O)c1ccc2nc(-c3ccc(-c4ccccc4F)cc3)[nH]c2c1,74.0,7.13
NS(=O)(=O)c1cnc(N2CCC(Oc3ccccc3C(F)(F)F)CC2)s1,1019.0,5.99
N[C@H](c1ccccc1)c1ccc(C(=O)Nc2nc3ccc(O)cc3s2)cc1,10.0,8.0
N[C@H](c1ccccc1)c1ccc(C(=O)Nc2nc3ccccc3s2)cc1,1200.0,5.92
Nc1cc(C(=O)Nc2cnn(Cc3ccccc3)c2)no1,45000.0,4.346787486224656
Nc1nc2cnc(N3CCC(Oc4cc(F)ccc4Br)CC3)nc2s1,17.0,7.77
Nc1ncnc2[nH]c(N3CCC(Oc4ccccc4C(F)(F)F)CC3)nc12,162.0,6.79
O=C(CNC(=O)c1ccc(N2CCN(C(=O)c3ccccc3C(F)(F)F)CC2)nn1)c1ccccc1,23.0,7.64
O=C(CNc1nccnc1Cl)N1CCC(Oc2ccccc2Cl)CC1,30.0,7.52
O=C(CO)NCCN1C(=O)COc2ccc(NCc3ccc(Cl)c(Cl)c3)cc21,0.5,9.3
O=C(CO)NCCn1c(=O)c(C(F)(F)F)nc2ccc(NCc3cccc(C(F)(F)F)c3)cc21,2.7,8.57
O=C(CO)Nc1ccc2c(=O)n(Cc3ccc(Cl)c(Cl)c3)cnc2c1,180.0,6.75
O=C(CO)Nc1ccc2ncn(Cc3ccc(Cl)c(C(F)(F)F)c3)c(=O)c2c1,110.0,6.96
O=C(CO)Nc1ccc2ncn(Cc3ccc(Cl)c(Cl)c3)c(=O)c2c1,119.0,6.92
O=C(CO)Nc1ccc2ncn(Cc3ccc(Cl)cc3)c(=O)c2c1,79.0,7.1
O=C(CO)Nc1ccc2ncn(Cc3cccc(-c4ccccc4)c3)c(=O)c2c1,1000.0,6.0
O=C(CO)Nc1cnc2ncn(Cc3ccc(Cl)c(Cl)c3)c(=O)c2c1,49.0,7.31
O=C(COc1ccccc1)Nc1ccc2ncn(Cc3ccc(Cl)c(Cl)c3)c(=O)c2c1,68.0,7.17
O=C(NC1CCCC1)c1ncccc1NCC(=O)N1CCC(Oc2ccccc2C(F)(F)F)CC1,10000.0,5.0
O=C(NC1CCN(Cc2ccccc2)C1)c1cc(-c2ccco2)on1,45000.0,4.346787486224656
O=C(NC1CCN(Cc2ccccc2)CC1)c1cc(-c2ccco2)on1,45000.0,4.346787486224656
O=C(NC1CCN(c2ccccc2)C1)c1cc(-c2ccco2)on1,45000.0,4.346787486224656
O=C(NC1CCN(c2ccccc2)CC1)c1cc(-c2ccco2)on1,45000.0,4.346787486224656
O=C(NC1CCNC1)c1cc(-c2ccco2)on1,45000.0,4.346787486224656
O=C(NC1CN(C(=O)c2cc(-c3ccccc3)on2)C1)c1ccccc1,45000.0,4.346787486224656
O=C(NCC(O)c1ccccc1)c1ccc(N2CCC(C(=O)c3ccc(F)cc3)CC2)nn1,99.0,7.015
O=C(NCC(O)c1ccccc1)c1ccc(N2CCC(C(=O)c3ccccc3)CC2)nn1,200.0,6.755
O=C(NCC(O)c1ccccc1)c1ccc(N2CCC(C(=O)c3ccccc3C(F)(F)F)CC2)nn1,10.5,8.0
O=C(NCC(O)c1ccccc1)c1ccc(N2CCC(C(=O)c3ccccc3OC(F)(F)F)CC2)nn1,56.5,7.495
O=C(NCC(O)c1ccccc1)c1ccc(N2CCC3(C=Cc4ccccc4O3)CC2)nn1,61.0,7.21
O=C(NCC(O)c1ccccc1)c1ccc(N2CCC3(CC2)CC(=O)c2ccccc2O3)nn1,50.0,7.3
O=C(NCC(O)c1ccccc1)c1ccc(N2CCC3(CC2)CC(O)c2c(F)cccc2O3)nn1,87.0,7.285
O=C(NCC(O)c1ccccc1)c1ccc(N2CCC3(CC2)CC(O)c2ccc(F)cc2O3)nn1,156.0,6.81
O=C(NCC(O)c1ccccc1)c1ccc(N2CCC3(CC2)CC(O)c2cccc(F)c2O3)nn1,33.0,7.48
O=C(NCC(O)c1ccccc1)c1ccc(N2CCC3(CC2)CC(O)c2ccccc2O3)nn1,8.24,8.56
O=C(NCC(O)c1ccccc1)c1ccc(N2CCC3(CC2)Cc2ccccc2C(=O)O3)nn1,230.0,6.64
O=C(NCC(O)c1ccccc1)c1ccc(N2CCC3(CC2)Cc2ccccc2CO3)nn1,238.0,6.758970004336019
O=C(NCC(O)c1ccccc1)c1ccc(N2CCC3(CC2)Oc2ccccc2C3=O)nn1,10000.0,5.0
O=C(NCC(O)c1ccccc1)c1ccc(N2CCC3(CC2)Oc2ccccc2CC3O)nn1,24.78,8.28
O=C(NCC(O)c1ccccc1)c1ccc(N2CCC3(CCNc4ccccc4O3)CC2)nn1,1000.0,6.0
O=C(NCC(O)c1ccccc1)c1ccc(N2CCC3(CCc4ccccc4C3=O)CC2)nn1,20.0,7.7
O=C(NCC(O)c1ccccc1)c1ccc(N2CCC3(CCc4ccccc4O3)CC2)nn1,1.3840000000000001,9.370000000000001
O=C(NCC(O)c1cccnc1)c1ccc(N2CCC3(CC2)CC(=O)c2ccccc2O3)nn1,1000.0,6.0
O=C(NCC(O)c1cccnc1)c1ccc(N2CCC3(CC2)CCN(CC2CC2)c2ccccc2O3)nn1,10.0,8.0
O=C(NCC(O)c1cccnc1)c1ccc(N2CCC3(CC2)CCN(CCO)c2ccccc2O3)nn1,600.0,6.22
O=C(NCC(O)c1cccnc1)c1ccc(N2CCC3(CCc4c(Cl)cccc4O3)CC2)nn1,1.5,8.85
O=C(NCC(O)c1cccnc1)c1ccc(N2CCC3(CCc4c(F)ccc(F)c4O3)CC2)nn1,4.5,8.425
O=C(NCC(O)c1cccnc1)c1ccc(N2CCC3(CCc4c(F)cccc4O3)CC2)nn1,6.5,8.185
O=C(NCC(O)c1cccnc1)c1ccc(N2CCC3(CCc4c(cccc4C(F)(F)F)O3)CC2)nn1,1.725,8.934999999999999
O=C(NCCC1CC1)c1ccc(N2CCN(C(=O)c3cc(Cl)ccc3C(F)(F)F)CC2)nn1,18.0,7.75
O=C(NCCC1CC1)c1ccc(N2CCN(C(=O)c3cc(Cl)ccc3Cl)CC2)nn1,101.0,7.0
O=C(NCCC1CC1)c1ccc(N2CCN(C(=O)c3cc(F)ccc3C(F)(F)F)CC2)nn1,12.0,7.92
O=C(NCCC1CC1)c1ccc(N2CCN(C(=O)c3cc(F)ccc3Cl)CC2)nn1,192.0,6.72
O=C(NCCC1CC1)c1ccc(N2CCN(C(=O)c3ccc(F)cc3C(F)(F)F)CC2)nn1,24.0,7.62
O=C(NCCC1CC1)c1ccc(N2CCN(C(=O)c3cccc(F)c3C(F)(F)F)CC2)nn1,66.0,7.18
O=C(NCCC1CC1)c1ccc(N2CCN(C(=O)c3ccccc3C(F)(F)F)CC2)nn1,39.0,7.41
O=C(NCCC1CC1)c1ccc(N2CCN(C(=O)c3ccoc3C(F)(F)F)CC2)nn1,290.0,6.54
O=C(NCCC1CC1)c1ccc(N2CCN(C(=O)c3cnc(Cl)nc3C(F)(F)F)CC2)nn1,5870.0,5.23
O=C(NCCC1CC1)c1ccc2[nH]c(-c3ccc(Oc4ccccc4Cl)cc3)nc2c1,2340.0,5.63
O=C(NCCCC1CC1)c1ccc(N2CCN(C(=O)c3ccccc3C(F)(F)F)CC2)nn1,10.0,8.0
O=C(NCCCCC1CC1)c1ccc(N2CCN(C(=O)c3ccccc3C(F)(F)F)CC2)nn1,100.0,7.0
O=C(NCCCc1ccccc1)c1ccc(N2CCN(C(=O)c3ccccc3C(F)(F)F)CC2)nn1,125.0,6.9
O=C(NCCO)c1ncccc1NCC(=O)N1CCC(Oc2ccccc2C(F)(F)F)CC1,120.0,6.92
O=C(NCCO)c1nccnc1NCC(=O)N1CCC(Oc2ccccc2Cl)CC1,100.0,7.0
O=C(NCCc1ccccc1)c1ccc(N2CCN(C(=O)c3ccccc3C(F)(F)F)CC2)cc1,820.0,6.09
O=C(NCCc1ccccc1)c1ccc(N2CCN(C(=O)c3ccccc3C(F)(F)F)CC2)cn1,250.0,6.6
O=C(NCCc1ccccc1)c1ccc(N2CCN(C(=O)c3ccccc3C(F)(F)F)CC2)nc1,99.0,7.0
O=C(NCCc1ccccc1)c1ccc(N2CCN(C(=O)c3ccccc3C(F)(F)F)CC2)nn1,13.5,7.9
O=C(NCCc1ccccc1)c1ncccc1NCC(=O)N1CCC(Oc2ccccc2C(F)(F)F)CC1,780.0,6.11
O=C(NC[C@@H](O)c1ccccc1)c1ccc(N2CCN(C(=O)c3ccccc3C(F)(F)F)CC2)nn1,81.0,7.09
O=C(NC[C@H](O)c1ccccc1)c1ccc(N2CCN(C(=O)c3ccccc3C(F)(F)F)CC2)nn1,25.0,7.6
O=C(NCc1ccc(C(F)(F)F)o1)c1ccc(N2CCN(C(=O)c3ccccc3C(F)(F)F)CC2)nn1,124.0,6.91
O=C(NCc1ccc(Cl)s1)c1ccc2[nH]c(-c3ccc(C(=O)c4ccccc4C(F)(F)F)cc3)nc2c1,157.0,6.8
O=C(NCc1ccc(Cl)s1)c1ccc2[nH]c(-c3ccc(Oc4ccccc4C(F)(F)F)cc3)nc2c1,439.0,6.36
O=C(NCc1ccc(Cl)s1)c1ccc2[nH]c(-c3ccc(Oc4ccccc4Cl)cc3)nc2c1,1360.0,5.87
O=C(NCc1ccccc1)c1ccc(N2CCN(C(=O)c3ccccc3C(F)(F)F)CC2)nn1,395.5,6.755
O=C(NCc1ccccc1)c1cccc(NCC(=O)N2CCC(Oc3ccccc3C(F)(F)F)CC2)n1,7300.0,5.14
O=C(NCc1ccccc1)c1ccccc1NCC(=O)N1CCC(Oc2ccccc2Cl)CC1,580.0,6.24
O=C(NCc1ccccc1)c1ncccc1NCC(=O)N1CCC(Oc2ccccc2Cl)CC1,560.0,6.25
O=C(NCc1ccccc1)c1nccnc1NCC(=O)N1CCC(Oc2ccccc2Cl)CC1,140.0,6.85
O=C(NCc1ccccn1)c1cc(-n2cnn(Cc3ccc(F)cc3)c2=O)n[nH]1,720.0,6.14
O=C(NCc1ccccn1)c1nccnc1NCC(=O)N1CCC(Oc2ccccc2Cl)CC1,110.0,6.96
O=C(NCc1cccnc1)Nc1ccc(N2CCC3(CCc4c(cccc4C(F)(F)F)O3)CC2)nn1,58.0,7.484999999999999
O=C(NCc1cccnc1)c1cc(-n2cnn(Cc3ccc(F)cc3)c2=O)n[nH]1,103.0,6.99
O=C(NCc1cccnc1)c1ccc(N2CCC3(CCc4ccccc4O3)CC2)nn1,51.5,7.345000000000001
O=C(NCc1cccnc1)c1ncccc1NCC(=O)N1CCC(Oc2ccccc2C(F)(F)F)CC1,430.0,6.37
O=C(NCc1cccnc1)c1nccnc1NCC(=O)N1CCC(Oc2ccccc2Cl)CC1,99.0,7.0
O=C(NCc1ccncc1)c1ncccc1NCC(=O)N1CCC(Oc2ccccc2C(F)(F)F)CC1,350.0,6.46
O=C(NCc1ccncc1)c1nccnc1NCC(=O)N1CCC(Oc2ccccc2Cl)CC1,110.0,6.96
O=C(NCc1nccs1)c1ccc(N2CCN(C(=O)c3ccccc3C(F)(F)F)CC2)nn1,325.0,6.49
O=C(NCc1nccs1)c1ccc2[nH]c(-c3ccc(C(=O)c4ccccc4C(F)(F)F)cc3)nc2c1,179.0,6.75
O=C(NCc1nccs1)c1ccc2[nH]c(-c3ccc(Oc4ccccc4C(F)(F)F)cc3)nc2c1,313.0,6.5
O=C(NCc1nccs1)c1ccc2[nH]c(-c3ccc(Oc4ccccc4Cl)cc3)nc2c1,1160.0,5.94
O=C(Nc1cc(-c2ccco2)on1)c1cnn(Cc2ccc(Cl)c(Cl)c2)c1,45000.0,4.346787486224656
O=C(Nc1cc(-c2ccco2)on1)c1cnn(Cc2ccccc2)c1,45000.0,4.346787486224656
O=C(Nc1ccc(Cl)cc1)c1ccc(N2CCN(C(=O)c3ccccc3C(F)(F)F)CC2)nn1,3.0,8.52
O=C(Nc1ccc(Oc2cccnc2)c(C(=O)NCc2ccc(Cl)c(Cl)c2)c1)OCc1ccccc1,1150.0,5.94
O=C(Nc1ccc2ncn(Cc3ccc(Cl)c(Cl)c3)c(=O)c2c1)OCc1ccccc1,193.0,6.71
O=C(Nc1ccc2ncn(Cc3ccc(Cl)cc3)c(=O)c2c1)OCc1ccccc1,250.0,6.6
O=C(Nc1ccc2ncn(Cc3ccc(F)c(Cl)c3)c(=O)c2c1)OCc1ccccc1,220.0,6.66
O=C(Nc1ccccc1)C1CCCN1C(=O)c1cc(-c2ccc3c(c2)OCO3)on1,45000.0,4.346787486224656
O=C(Nc1ccccc1)C1CN(C(=O)c2cc(-c3ccccc3)on2)C1,45000.0,4.346787486224656
O=C(Nc1ccccc1)c1ccc(N2CCN(C(=O)c3ccccc3C(F)(F)F)CC2)nn1,125.0,6.9
O=C(Nc1ccccc1)c1nccnc1NCC(=O)N1CCC(Oc2ccccc2Cl)CC1,550.0,6.26
O=C(Nc1ccnc(Oc2ccccc2)c1)c1cc(-c2ccccc2)on1,45000.0,4.346787486224656
O=C(Nc1ccncc1)c1ccc(COc2ccccc2Cl)cc1,1400.0,5.85
O=C(Nc1cn(Cc2ccccc2)nc1C(F)(F)F)c1cc(-c2ccccc2)on1,45000.0,4.346787486224656
O=C(Nc1cn(Cc2ccccc2)nn1)c1cc(-c2ccccc2)on1,45000.0,4.346787486224656
O=C(Nc1cnn(-c2ccccc2)c1)c1cc(-c2ccco2)on1,45000.0,4.346787486224656
O=C(Nc1cnn(CC2CC2)c1)c1cc(-c2ccccc2)on1,45000.0,4.346787486224656
O=C(Nc1cnn(CC2CCCCC2)c1)c1cc(-c2ccco2)on1,45000.0,4.346787486224656
O=C(Nc1cnn(CC2CCOC2)c1)c1cc(-c2ccccc2)on1,25480.0,4.59
O=C(Nc1cnn(CC2CCOCC2)c1)c1cc(-c2ccco2)on1,45000.0,4.346787486224656
O=C(Nc1cnn(CCCC(F)(F)F)c1)c1cc(-c2ccco2)on1,45000.0,4.346787486224656
O=C(Nc1cnn(CCc2ccccc2)c1)c1cc(-c2ccco2)on1,45000.0,4.346787486224656
O=C(Nc1cnn(Cc2cc(F)ccc2C(F)(F)F)c1)c1cc(-c2ccccc2)on1,45000.0,4.346787486224656
O=C(Nc1cnn(Cc2cc(F)ccc2C(F)(F)F)c1)c1cc(-c2ccccn2)on1,45000.0,4.346787486224656
O=C(Nc1cnn(Cc2cc(F)ccc2C(F)(F)F)c1)c1cc(-c2ccco2)on1,45000.0,4.346787486224656
O=C(Nc1cnn(Cc2cc(F)ccc2C(F)(F)F)c1)c1cc(-c2ncccc2F)on1,45000.0,4.346787486224656
O=C(Nc1cnn(Cc2cc(F)ccc2Cl)c1)c1cc(-c2ccco2)on1,45000.0,4.346787486224656
O=C(Nc1cnn(Cc2ccc(C(F)(F)F)cc2)c1)c1cc(-c2ccco2)on1,45000.0,4.346787486224656
O=C(Nc1cnn(Cc2ccc(Cl)c(Cl)c2)c1)c1cc(-c2ccco2)on1,45000.0,4.346787486224656
O=C(Nc1cnn(Cc2ccc(Cl)cc2)c1)c1cc(-c2ccco2)on1,45000.0,4.346787486224656
O=C(Nc1cnn(Cc2ccc(F)c(F)c2)c1)c1cc(-c2ccccn2)on1,25460.0,4.59
O=C(Nc1cnn(Cc2ccc(F)cc2)c1)c1cc(-c2ccccc2)on1,45000.0,4.346787486224656
O=C(Nc1cnn(Cc2ccc(F)cc2)c1)c1cc(-c2ccco2)on1,45000.0,4.346787486224656
O=C(Nc1cnn(Cc2cccc(C(F)(F)F)c2)c1)c1cc(-c2ccco2)on1,45000.0,4.346787486224656
O=C(Nc1cnn(Cc2cccc(Cl)c2)c1)c1cc(-c2ccccn2)on1,45000.0,4.346787486224656
O=C(Nc1cnn(Cc2cccc(Cl)c2)c1)c1cc(-c2ccco2)on1,45000.0,4.346787486224656
O=C(Nc1cnn(Cc2cccc(F)c2)c1)c1cc(-c2ccccc2)on1,70.0,7.16
O=C(Nc1cnn(Cc2cccc(F)c2)c1)c1cc(-c2ccccn2)on1,2040.0,5.69
O=C(Nc1cnn(Cc2cccc(F)c2)c1)c1cc(-c2cccnc2)on1,590.0,6.23
O=C(Nc1cnn(Cc2cccc(F)c2)c1)c1cc(-c2ccco2)on1,10.0,8.0
O=C(Nc1cnn(Cc2cccc(F)c2)c1)c1cc(-c2ccncc2)on1,2410.0,5.62
O=C(Nc1cnn(Cc2cccc(F)c2)c1)c1cc(-c2ccncn2)on1,439.0,6.36
O=C(Nc1cnn(Cc2cccc(F)c2)c1)c1cc(-c2ccno2)on1,45000.0,4.346787486224656
O=C(Nc1cnn(Cc2cccc(F)c2)c1)c1cc(-c2ccns2)on1,232.0,6.63
O=C(Nc1cnn(Cc2cccc(F)c2)c1)c1cc(-c2ccon2)on1,84.0,7.08
O=C(Nc1cnn(Cc2cccc(F)c2)c1)c1cc(-c2cnccn2)on1,23120.0,4.64
O=C(Nc1cnn(Cc2cccc(F)c2)c1)c1cc(-c2cnco2)on1,188.0,6.73
O=C(Nc1cnn(Cc2cccc(F)c2)c1)c1cc(-c2cncs2)on1,190.0,6.72
O=C(Nc1cnn(Cc2cccc(F)c2)c1)c1cc(-c2ncccc2F)on1,1200.0,5.92
O=C(Nc1cnn(Cc2cccc(F)c2)c1)c1cc(-c2ncccn2)on1,22630.0,4.64
O=C(Nc1cnn(Cc2cccc(F)c2)c1)c1cc(-c2nncs2)on1,8200.0,5.09
O=C(Nc1cnn(Cc2cccc(F)c2)c1)c1cc(C2(O)CCC2)on1,3100.0,5.51
O=C(Nc1cnn(Cc2cccc(F)c2)c1)c1cc(C2=CCCCC2)on1,11.0,7.96
O=C(Nc1cnn(Cc2cccc(F)c2)c1)c1cc(C2CCCCC2)on1,66.0,7.18
O=C(Nc1cnn(Cc2cccc(F)c2)c1)c1cc(C2COC2)on1,737.0,6.13
O=C(Nc1cnn(Cc2cccc(F)c2)c1)c1cc(CO)on1,45000.0,4.346787486224656
O=C(Nc1cnn(Cc2cccc(F)c2)c1)c1cc(Cl)on1,3900.0,5.41
O=C(Nc1cnn(Cc2cccc(F)c2)c1)c1cc(N2CCCCC2)on1,36.0,7.44
O=C(Nc1cnn(Cc2cccc(F)c2)c1)c1cc(N2CCOCC2)on1,220.0,6.66
O=C(Nc1cnn(Cc2cccc(F)c2)c1)c1noc2c1CCCC2,10.0,8.0
O=C(Nc1cnn(Cc2ccccc2)c1)c1cc(-c2c(F)cccc2F)on1,45000.0,4.346787486224656
O=C(Nc1cnn(Cc2ccccc2)c1)c1cc(-c2ccc(F)cc2F)on1,45000.0,4.346787486224656
O=C(Nc1cnn(Cc2ccccc2)c1)c1cc(-c2ccc(F)cn2)on1,45000.0,4.346787486224656
O=C(Nc1cnn(Cc2ccccc2)c1)c1cc(-c2ccc3c(c2)OCO3)on1,45000.0,4.346787486224656
O=C(Nc1cnn(Cc2ccccc2)c1)c1cc(-c2cccc(F)c2)on1,45000.0,4.346787486224656
O=C(Nc1cnn(Cc2ccccc2)c1)c1cc(-c2cccc3c2cnn3C2COC2)on1,45000.0,4.346787486224656
O=C(Nc1cnn(Cc2ccccc2)c1)c1cc(-c2cccc3cn(C4COC4)nc23)on1,45000.0,4.346787486224656
O=C(Nc1cnn(Cc2ccccc2)c1)c1cc(-c2cccc3cnn(C4COC4)c23)on1,45000.0,4.346787486224656
O=C(Nc1cnn(Cc2ccccc2)c1)c1cc(-c2ccccc2)no1,45000.0,4.346787486224656
O=C(Nc1cnn(Cc2ccccc2)c1)c1cc(-c2ccccc2)on1,470.0,6.33
O=C(Nc1cnn(Cc2ccccc2)c1)c1cc(-c2ccccc2Cl)on1,45000.0,4.346787486224656
O=C(Nc1cnn(Cc2ccccc2)c1)c1cc(-c2ccccc2F)no1,45000.0,4.346787486224656
O=C(Nc1cnn(Cc2ccccc2)c1)c1cc(-c2ccccc2F)on1,45000.0,4.346787486224656
O=C(Nc1cnn(Cc2ccccc2)c1)c1cc(-c2ccccn2)no1,45000.0,4.346787486224656
O=C(Nc1cnn(Cc2ccccc2)c1)c1cc(-c2ccccn2)on1,700.0,6.16
O=C(Nc1cnn(Cc2ccccc2)c1)c1cc(-c2ccco2)no1,50.0,7.3
O=C(Nc1cnn(Cc2ccccc2)c1)c1cc(-c2ccco2)on1,90.0,7.05
O=C(Nc1cnn(Cc2ccccc2)c1)c1cc(-c2ccncc2)on1,5700.0,5.24
O=C(Nc1cnn(Cc2ccccc2)c1)c1cc(-c2ccncc2Cl)on1,5320.0,5.27
O=C(Nc1cnn(Cc2ccccc2)c1)c1cc(-c2ccncc2F)on1,45000.0,4.346787486224656
O=C(Nc1cnn(Cc2ccccc2)c1)c1cc(-c2ccncn2)on1,4000.0,5.4
O=C(Nc1cnn(Cc2ccccc2)c1)c1cc(-c2ccns2)on1,6970.0,5.16
O=C(Nc1cnn(Cc2ccccc2)c1)c1cc(-c2cnco2)on1,45000.0,4.346787486224656
O=C(Nc1cnn(Cc2ccccc2)c1)c1cc(-c2cncs2)no1,45000.0,4.346787486224656
O=C(Nc1cnn(Cc2ccccc2)c1)c1cc(-c2cncs2)on1,260.0,6.58
O=C(Nc1cnn(Cc2ccccc2)c1)c1cc(-c2cnsc2)on1,11000.0,4.96
O=C(Nc1cnn(Cc2ccccc2)c1)c1cc(-c2ncccc2F)on1,4700.0,5.33
O=C(Nc1cnn(Cc2ccccc2)c1)c1cc(-c2nccs2)on1,8900.0,5.05
O=C(Nc1cnn(Cc2ccccc2)c1)c1cc(-c2nncs2)on1,131.0,6.88
O=C(Nc1cnn(Cc2ccccc2)c1)c1cc(C2CC2)on1,110.0,6.96
O=C(Nc1cnn(Cc2ccccc2)c1)c1cc(Cl)on1,45000.0,4.346787486224656
O=C(Nc1cnn(Cc2ccccc2)c1)c1cc(N2CCCC2)on1,10.0,8.0
O=C(Nc1cnn(Cc2ccccc2)c1)c1cc(N2CCCCC2)on1,58.0,7.24
O=C(Nc1cnn(Cc2ccccc2)c1)c1cc(N2CCNCC2)on1,45000.0,4.346787486224656
O=C(Nc1cnn(Cc2ccccc2)c1)c1cc(N2CC[C@@H](O)C2)on1,2000.0,5.7
O=C(Nc1cnn(Cc2ccccc2)c1)c1cc(N2CC[C@H](O)C2)on1,15000.0,4.82
O=C(Nc1cnn(Cc2ccccc2)c1)c1noc2c1CCCC2,10.0,8.0
O=C(Nc1cnn(Cc2ccccc2)n1)c1cc(-c2ccccc2)on1,45000.0,4.346787486224656
O=C(Nc1cnn(Cc2ccccc2C(F)(F)F)c1)c1cc(-c2ccco2)on1,45000.0,4.346787486224656
O=C(Nc1cnn(Cc2ccccc2Cl)c1)c1cc(-c2cccc3c2cnn3C2COC2)on1,45000.0,4.346787486224656
O=C(Nc1cnn(Cc2ccccc2Cl)c1)c1cc(-c2cccc3cn(C4COC4)nc23)on1,45000.0,4.346787486224656
O=C(Nc1cnn(Cc2ccccc2Cl)c1)c1cc(-c2cccc3cnn(C4COC4)c23)on1,45000.0,4.346787486224656
O=C(Nc1cnn(Cc2ccccc2Cl)c1)c1cc(-c2ccco2)on1,45000.0,4.346787486224656
O=C(Nc1cnn(Cc2ccccc2F)c1)c1cc(-c2ccccc2)on1,9400.0,5.03
O=C(Nc1cnn(Cc2ccccc2F)c1)c1cc(-c2ccco2)on1,360.0,6.44
O=C(Nc1cnn(Cc2ccccn2)c1)c1cc(-c2ccccc2)on1,45000.0,4.346787486224656
O=C(Nc1cnn(Cc2cccnc2)c1)c1cc(-c2ccccc2)on1,45000.0,4.346787486224656
O=C(Nc1cnn(Cc2cccnc2C(F)(F)F)c1)c1cc(-c2ccccc2F)on1,45000.0,4.346787486224656
O=C(Nc1cnn(Cc2cnccc2C(F)(F)F)c1)c1cc(-c2ccc3c(c2)OCO3)on1,45000.0,4.346787486224656
O=C(Nc1cnn(Cc2cnccc2C(F)(F)F)c1)c1cc(-c2ccccc2)on1,45000.0,4.346787486224656
O=C(Nc1cnn(Cc2cnccc2C(F)(F)F)c1)c1cc(-c2ccccc2F)on1,45000.0,4.346787486224656
O=C(Nc1cnn(Cc2cnccc2C(F)(F)F)c1)c1cc(-c2ccccn2)on1,45000.0,4.346787486224656
O=C(Nc1cnn(Cc2cnccc2C(F)(F)F)c1)c1cc(-c2ccco2)on1,45000.0,4.346787486224656
O=C(Nc1cnn(Cc2cnccc2C(F)(F)F)c1)c1cc(-c2ccncc2)on1,45000.0,4.346787486224656
O=C(Nc1cnn(Cc2cnccc2C(F)(F)F)c1)c1cc(-c2ccncn2)on1,6000.0,5.22
O=C(Nc1cnn(Cc2cnccc2C(F)(F)F)c1)c1cc(-c2cnco2)on1,19000.0,4.72
O=C(Nc1cnn(Cc2cnccc2C(F)(F)F)c1)c1cc(N2CCCCC2)on1,45000.0,4.346787486224656
O=C(Nc1cnn(Cc2cnccc2C(F)(F)F)c1)c1noc2c1CCCC2,25000.0,4.6
O=C(Nc1cnn(Cc2ncccc2C(F)(F)F)c1)c1cc(-c2ccccc2F)on1,45000.0,4.346787486224656
O=C(Nc1cnnc(Oc2ccccc2)c1)c1cc(-c2ccccc2)on1,45000.0,4.346787486224656
O=C(Nc1nc(-c2ccccc2)cs1)c1ccc(C(=O)c2ccccc2)cc1,9800.0,5.08
O=C(Nc1nc(CCCO)c(CCO)s1)c1ccc(CNc2ccccc2C(F)(F)F)cc1,31.0,7.51
O=C(Nc1nc(CCCO)cs1)c1ccc(CNc2ccccc2C(F)(F)F)cc1,5.2,8.28
O=C(Nc1nc(CCO)cs1)c1ccc(CNc2ccccc2C(F)(F)F)cc1,4.2,8.38
O=C(Nc1nc(CCO)cs1)c1ccc(CNc2ccccc2C(F)(F)F)s1,3.9,8.41
O=C(Nc1nc(CCO)cs1)c1ccc(CNc2ccccc2Cl)cc1,6.4,8.19
O=C(Nc1nc(CO)c(C(=O)O)s1)c1ccc(CNc2ccccc2C(F)(F)F)cc1,22.0,7.66
O=C(Nc1nc(CO)cs1)c1ccc(CNc2ccccc2C(F)(F)F)cc1,3.8,8.42
O=C(Nc1nc(CO)cs1)c1ccc(CNc2ccccc2C(F)(F)F)s1,5.1,8.29
O=C(Nc1nc(CO)cs1)c1ccc(CNc2ccccc2Cl)cc1,4.3,8.37
O=C(Nc1nc2ccc(OCCBr)cc2s1)c1ccc(C(=O)c2ccccc2)cc1,50000.0,4.301029995663981
O=C(Nc1nc2ccccc2[nH]1)c1ccc(C(=O)c2ccccc2)cc1,921.0,6.5649999999999995
O=C(Nc1nc2ccccc2[nH]1)c1ccc(N2CCN(C(=O)c3ccccc3C(F)(F)F)CC2)nn1,70.0,7.16
O=C(Nc1nc2ccccc2o1)c1ccc(C(=O)c2ccccc2)cc1,43000.0,4.37
O=C(Nc1nc2ccccc2s1)c1ccc(-c2ccccc2)cc1,25350.0,5.230514997831991
O=C(Nc1nc2ccccc2s1)c1ccc(C(=O)c2ccccc2)cc1,1204.5,6.835000000000001
O=C(Nc1nc2ccccc2s1)c1ccc([N+](=O)[O-])cc1,11070.0,5.755
O=C(Nc1nc2ccccc2s1)c1cccnc1,25130.0,5.440514997831991
O=C(Nc1ncc(-c2ccccc2)s1)c1ccc(C(=O)c2ccccc2)cc1,5400.0,5.27
O=C(Nc1ncc(C(=O)O)s1)c1ccc(CNc2ccccc2C(F)(F)F)cc1,8.1,8.09
O=C(Nc1ncc(CCCO)s1)c1ccc(CNc2ccccc2C(F)(F)F)cc1,260.0,6.58
O=C(Nc1ncc(CCO)s1)c1ccc(CNc2ccccc2C(F)(F)F)cc1,3.8,8.42
O=C(Nc1ncc(CO)s1)c1ccc(CNc2ccccc2C(F)(F)F)cc1,2.8,8.55
O=C(Nc1ncc(Cc2cccc(C(F)(F)F)c2)s1)c1ccc(N2CCOCC2)c(OCCO)c1,12.0,7.92
O=C(Nc1ncc(Cc2cccc(C(F)(F)F)c2)s1)c1ccc(OCCO)c(OCCO)c1,16.0,7.8
O=C(Nc1nccs1)c1ccc(C(=O)c2ccccc2)cc1,41500.0,4.390514997831991
O=C(Nc1noc(Cc2ccccc2)n1)c1cc(-c2ccccc2)on1,45000.0,4.346787486224656
O=C(O)C(=O)Nc1ccc2ncn(Cc3ccc(Cl)c(Cl)c3)c(=O)c2c1,1000.0,6.0
O=C(O)CCCc1csc(NC(=O)c2ccc(CNc3ccccc3C(F)(F)F)cc2)n1,2700.0,5.57
O=C(O)CCc1cnc(NC(=O)c2ccc(CNc3ccccc3C(F)(F)F)cc2)s1,570.0,6.24
O=C(O)CCc1csc(NC(=O)c2ccc(CNc3ccccc3C(F)(F)F)cc2)n1,6.3,8.2
O=C(O)CCc1nc2nc(N3CCC(Oc4cc(F)ccc4Br)CC3)sc2c(=O)[nH]1,24345.0,4.61
O=C(O)CNc1nc2cnc(N3CCC(Oc4cc(F)ccc4Br)CC3)nc2s1,168.0,6.78
O=C(O)COc1nc2cnc(N3CCC(Oc4cc(F)ccc4Br)CC3)nc2s1,53.0,7.28
O=C(O)Cc1cnc(NC(=O)c2ccc(CNc3ccccc3C(F)(F)F)cc2)s1,58.0,7.24
O=C(O)Cc1cncc(-c2ccc(N3CCC(Oc4cc(F)ccc4Br)CC3)nn2)c1,780.0,6.11
O=C(O)Cc1csc(NC(=O)c2ccc(CNc3ccccc3-c3ccccc3)cc2)n1,8.7,8.06
O=C(O)Cc1csc(NC(=O)c2ccc(CNc3ccccc3C(F)(F)F)cc2)n1,5.1,8.29
O=C(O)Cc1csc(NC(=O)c2ccc(CNc3ccccc3C(F)(F)F)s2)n1,9.0,8.05
O=C(O)Cc1csc(NC(=O)c2ccc(CNc3ccccc3Cc3ccccc3)cc2)n1,5.5,8.26
O=C(O)Cc1csc(NC(=O)c2ccc(CNc3ccccc3Cc3ccccc3)s2)n1,7.5,8.12
O=C(O)Cc1csc(NC(=O)c2ccc(CNc3ccccc3Cl)cc2)n1,13.0,7.89
O=C(O)Cn1ccn(-c2cnc(N3CCC4(CCc5c(Cl)cccc5O4)CC3)s2)c1=O,3.0,8.52
O=C(O)Cn1nnc(-c2cc(-c3cn(Cc4cc(Br)c(Br)c(Br)c4)nn3)no2)n1,37749.0,4.42
O=C(O)Cn1nnc(-c2cc(N3CC4CN(c5cc(F)ccc5Cl)CC4C3)no2)n1,4963.5,6.285
O=C(O)Cn1nnc(-c2cc(N3CCC(Oc4cc(F)ccc4Br)CC3)no2)n1,535.5,7.135
O=C(O)Cn1nnc(-c2cc(N3CCC4(CC3)CC(=O)c3c(Cl)cccc3O4)no2)n1,17.0,7.77
O=C(O)Cn1nnc(-c2cc(N3CCC4(CCc5c(Br)cccc5O4)CC3)no2)n1,1.0,9.0
O=C(O)Cn1nnc(-c2cc(N3CCC4(CCc5c(Cl)cccc5O4)CC3)no2)n1,11.0,7.96
O=C(O)Cn1nnc(-c2cc(N3CCC4(CCc5c(OC(F)(F)F)cccc5O4)CC3)no2)n1,1.0,9.0
O=C(O)Cn1nnc(-c2cc(OCCCCOc3cc(F)ccc3Br)no2)n1,40000.0,4.3979400086720375
O=C(O)Cn1nnc(-c2cc(OCCCOc3cc(F)ccc3Br)no2)n1,3890.5,6.25
O=C(O)Cn1nnc(-c2cc(OCCOCc3cc(F)ccc3Br)no2)n1,100000.0,4.0
O=C(O)Cn1nnc(-c2cc(OCCOc3cc(F)ccc3Br)no2)n1,40000.0,4.3979400086720375
O=C(O)Cn1nnc(-c2cnc(-c3cn(Cc4cc(Cl)c(Cl)c(Cl)c4)nn3)s2)n1,100000.0,4.0
O=C(O)Cn1nnc(-c2cnc(N3CC4(C3)CN(c3cc(F)ccc3Cl)C4)s2)n1,50900.0,4.29
O=C(O)Cn1nnc(-c2cnc(N3CC4(CCN(c5cc(F)ccc5Cl)CC4)C3)s2)n1,100000.0,4.0
O=C(O)Cn1nnc(-c2cnc(N3CC4CN(c5cc(F)ccc5Cl)CC4C3)s2)n1,15400.0,4.81
O=C(O)Cn1nnc(-c2cnc(N3CCC4(C=Cc5ccccc54)CC3)s2)n1,244.0,6.61
O=C(O)Cn1nnc(-c2cnc(N3CCC4(CC3)CC(=O)c3c(Cl)cccc3O4)s2)n1,12.0,7.92
O=C(O)Cn1nnc(-c2cnc(N3CCC4(CC3)CC(=O)c3ccccc3O4)s2)n1,41.0,7.39
O=C(O)Cn1nnc(-c2cnc(N3CCC4(CC3)CN(c3cc(F)ccc3Cl)C4)s2)n1,100000.0,4.0
O=C(O)Cn1nnc(-c2cnc(N3CCC4(CC3)COc3ccccc34)s2)n1,65.0,7.19
O=C(O)Cn1nnc(-c2cnc(N3CCC4(CC3)Cc3cccc(Cl)c3C(=O)O4)s2)n1,21.0,7.68
O=C(O)Cn1nnc(-c2cnc(N3CCC4(CC3)NC(=O)c3c(Cl)cccc3O4)s2)n1,62.0,7.21
O=C(O)Cn1nnc(-c2cnc(N3CCC4(CC3)NC(=O)c3ccccc3O4)s2)n1,181.0,6.74
O=C(O)Cn1nnc(-c2cnc(N3CCC4(CCc5c(Br)cccc5O4)CC3)s2)n1,1.0,9.0
O=C(O)Cn1nnc(-c2cnc(N3CCC4(CCc5c(Cl)cccc5O4)CC3)s2)n1,13.0,7.89
O=C(O)Cn1nnc(-c2cnc(N3CCC4(CCc5c(OC(F)(F)F)cccc5O4)CC3)s2)n1,1.0,9.0
O=C(O)Cn1nnc(-c2cnc(N3CCC4(CCc5c(cccc5C(F)(F)F)O4)CC3)s2)n1,1.0,9.0
O=C(O)Cn1nnc(-c2cnc(N3CCC4(CCc5ccccc54)CC3)s2)n1,49.0,7.31
O=C(O)Cn1nnc(-c2cnc(N3CCN(c4cc(F)ccc4Cl)CC3)s2)n1,4200.0,5.38
O=C(O)Cn1nnc(-c2cnc(N3C[C@@H]4C[C@H]3CN4c3cc(F)ccc3Cl)s2)n1,9140.0,5.04
O=C(O)Cn1nnc(-c2cnc(OCCCOc3cc(F)ccc3Br)s2)n1,3870.0,5.41
O=C(O)Cn1nnc(-c2cnc(OCCCOc3cc(OC(F)(F)F)ccc3Br)s2)n1,969.0,6.01
O=C(O)Cn1nnc(-c2cncc(-c3cn(Cc4cc(Br)c(Br)c(Br)c4)nn3)c2)n1,6308.0,5.2
O=C(O)Cn1nnc(-c2nnc(N3CC4CN(c5cc(F)ccc5Cl)CC4C3)s2)n1,10000.0,5.0
O=C(O)Cn1nnc(-c2nnc(N3CCC(Oc4cc(F)ccc4Br)CC3)s2)n1,904.0,6.04
O=C(O)Cn1nnc(-c2nnc(N3CCC4(CC3)CC(=O)c3c(Cl)cccc3O4)s2)n1,24.0,7.62
O=C(O)Cn1nnc(-c2nnc(N3CCC4(CC3)CC(=O)c3ccccc3O4)s2)n1,708.0,6.15
O=C(O)Cn1nnc(-c2nnc(N3CCC4(CC3)Cc3ccccc3C(=O)O4)s2)n1,338.0,6.47
O=C(O)Cn1nnc(-c2nnc(N3CCC4(CCc5c(Cl)cccc5O4)CC3)s2)n1,7.5,8.219999999999999
O=C(O)Cn1nnc(-c2nnc(N3CCC4(CCc5c(O)cccc5O4)CC3)s2)n1,366.0,6.44
O=C(O)Cn1nnc(-c2nnc(N3CCC4(CCc5c(OC(F)(F)F)cccc5O4)CC3)s2)n1,1.0,9.0
O=C(O)Cn1nnc(-c2nnc(N3CCC4(CCc5c(cccc5C(F)(F)F)O4)CC3)s2)n1,1.0,9.0
O=C(O)Cn1nnc(-c2nnc(OCCCOc3cc(F)ccc3Br)s2)n1,60000.0,4.221848749616356
O=C(O)c1ccc(-c2ccc(N3CCC(N4CCc5ccc(F)cc54)CC3)nn2)cc1,390.0,6.41
O=C(O)c1ccc(-c2ccc(N3CCC(Oc4cc(F)ccc4Br)CC3)nn2)nc1,128.0,6.89
O=C(O)c1ccc(-c2ccc(N3CCC(Oc4ccccc4C(F)(F)F)CC3)nn2)cc1,550.0,6.26
O=C(O)c1ccc(-c2ccc(N3CCC(n4ccc5ccc(F)cc54)CC3)nn2)cc1,349.0,6.46
O=C(O)c1cccc(-c2ccc(N3CCC(Oc4ccccc4C(F)(F)F)CC3)nn2)c1,1113.0,5.95
O=C(O)c1cnc(N2CCN(C(=O)c3ccccc3C(F)(F)F)CC2)s1,68000.0,4.17
O=C(O)c1cncc(-c2ccc(N3CCC(Oc4cc(F)c(F)cc4Br)CC3)nn2)c1,8264.0,5.08
O=C(O)c1cncc(-c2ccc(N3CCC(Oc4cc(F)ccc4Br)CC3)nc2)c1,2412.0,5.62
O=C(O)c1cncc(-c2ccc(N3CCC(Oc4cc(F)ccc4Br)CC3)nn2)c1,3018.5,6.6850000000000005
O=C(O)c1cncc(-c2ccc(N3CCC(Oc4ccccc4Br)CC3)nn2)c1,18259.0,4.74
O=C(O)c1cncc(-c2ccc(N3CCC(Oc4ccccc4C(F)(F)F)CC3)nn2)c1,20000.0,4.698970004336019
O=C(O)c1cncc(-c2ccc(N3CCC(Oc4ccccc4Cl)CC3)nn2)c1,10000.0,5.0
O=C(O)c1cncc(-c2ccc(N3CCC(Oc4ccccc4I)CC3)nn2)c1,5080.0,5.29
O=C(O)c1cncc(-c2cnc(N3CCC(Oc4cc(F)ccc4Br)CC3)cn2)c1,6715.0,5.17
O=C(O)c1cncc(-c2cnc(N3CCC(Oc4cc(F)ccc4Br)CC3)nc2)c1,9422.0,5.03
O=C(O)c1cncc(-c2cnc(N3CCC(Oc4cc(F)ccc4Br)CC3)nn2)c1,4466.0,5.35
O=C(c1cc(-c2ccc(=O)[nH]c2)on1)N1CCC[C@H]1c1ccccc1,37160.0,4.43
O=C(c1cc(-c2ccc(Cl)cn2)on1)N1CC(Cc2ccccc2)C1,45000.0,4.346787486224656
O=C(c1cc(-c2ccc(Cl)cn2)on1)N1CC(c2ccccc2)C1,3380.0,5.47
O=C(c1cc(-c2ccc(F)cn2)on1)N1CC(c2ccccc2)C1,1600.0,5.8
O=C(c1cc(-c2ccc3c(c2)CCO3)on1)N1CCCC1c1ccncn1,45000.0,4.346787486224656
O=C(c1cc(-c2ccc3c(c2)OCO3)on1)N1CC(Cc2ccccc2)C1,45000.0,4.346787486224656
O=C(c1cc(-c2ccc3c(c2)OCO3)on1)N1CC(Nc2ccccc2)C1,45000.0,4.346787486224656
O=C(c1cc(-c2ccc3c(c2)OCO3)on1)N1CC(O)C[C@H]1c1ccccc1,30000.0,4.52
O=C(c1cc(-c2ccc3c(c2)OCO3)on1)N1CC(Oc2ccccc2)C1,45000.0,4.346787486224656
O=C(c1cc(-c2ccc3c(c2)OCO3)on1)N1CC(c2cccc(F)c2)C1,866.0,6.06
O=C(c1cc(-c2ccc3c(c2)OCO3)on1)N1CC(c2ccccc2)C1,1570.0,5.8
O=C(c1cc(-c2ccc3c(c2)OCO3)on1)N1CC2(C1)CC(O)(c1ccccc1)C2,45000.0,4.346787486224656
O=C(c1cc(-c2ccc3c(c2)OCO3)on1)N1CC2(C1)CN(c1ccccc1)C2,45000.0,4.346787486224656
O=C(c1cc(-c2ccc3c(c2)OCO3)on1)N1CC2(CC(c3ccccc3)C2)C1,37080.0,4.43
O=C(c1cc(-c2ccc3c(c2)OCO3)on1)N1CC=C(c2cc(F)ccc2Cl)CC1,3270.0,5.49
O=C(c1cc(-c2ccc3c(c2)OCO3)on1)N1CCC(O)(c2ccccc2)CC1,45000.0,4.346787486224656
O=C(c1cc(-c2ccc3c(c2)OCO3)on1)N1CCC(Oc2ccccc2)CC1,6220.0,5.21
O=C(c1cc(-c2ccc3c(c2)OCO3)on1)N1CCC(c2cc(F)ccc2Cl)CC1,45000.0,4.346787486224656
O=C(c1cc(-c2ccc3c(c2)OCO3)on1)N1CCC(c2ccc(F)c(F)c2)CC1,45000.0,4.346787486224656
O=C(c1cc(-c2ccc3c(c2)OCO3)on1)N1CCC(c2cccc(F)c2)CC1,45000.0,4.346787486224656
O=C(c1cc(-c2ccc3c(c2)OCO3)on1)N1CCC(c2ccccc2)C1,45000.0,4.346787486224656
O=C(c1cc(-c2ccc3c(c2)OCO3)on1)N1CCC(c2ccccc2)CC1,45000.0,4.346787486224656
O=C(c1cc(-c2ccc3c(c2)OCO3)on1)N1CCC(c2ccccc2C(F)(F)F)CC1,45000.0,4.346787486224656
O=C(c1cc(-c2ccc3c(c2)OCO3)on1)N1CCC(c2ccncc2)CC1,45000.0,4.346787486224656
O=C(c1cc(-c2ccc3c(c2)OCO3)on1)N1CCC1c1ccc(F)cc1,45000.0,4.346787486224656
O=C(c1cc(-c2ccc3c(c2)OCO3)on1)N1CCC1c1cccc(F)c1,45000.0,4.346787486224656
O=C(c1cc(-c2ccc3c(c2)OCO3)on1)N1CCC1c1ccccc1,30000.0,4.52
O=C(c1cc(-c2ccc3c(c2)OCO3)on1)N1CCC1c1ccccc1Cl,45000.0,4.346787486224656
O=C(c1cc(-c2ccc3c(c2)OCO3)on1)N1CCC1c1ccccc1F,45000.0,4.346787486224656
O=C(c1cc(-c2ccc3c(c2)OCO3)on1)N1CCCC12CC2,30380.0,4.52
O=C(c1cc(-c2ccc3c(c2)OCO3)on1)N1CCCC1C1CC1,45000.0,4.346787486224656
O=C(c1cc(-c2ccc3c(c2)OCO3)on1)N1CCCC1C1CCOCC1,45000.0,4.346787486224656
O=C(c1cc(-c2ccc3c(c2)OCO3)on1)N1CCCC1Cc1ccccc1,45000.0,4.346787486224656
O=C(c1cc(-c2ccc3c(c2)OCO3)on1)N1CCCC1c1cc(Br)no1,45000.0,4.346787486224656
O=C(c1cc(-c2ccc3c(c2)OCO3)on1)N1CCCC1c1ccc(Br)cc1,45000.0,4.346787486224656
O=C(c1cc(-c2ccc3c(c2)OCO3)on1)N1CCCC1c1ccc(F)cc1,45000.0,4.346787486224656
O=C(c1cc(-c2ccc3c(c2)OCO3)on1)N1CCCC1c1ccc(F)cn1,45000.0,4.346787486224656
O=C(c1cc(-c2ccc3c(c2)OCO3)on1)N1CCCC1c1cccc(Br)c1,45000.0,4.346787486224656
O=C(c1cc(-c2ccc3c(c2)OCO3)on1)N1CCCC1c1cccc(F)c1,45000.0,4.346787486224656
O=C(c1cc(-c2ccc3c(c2)OCO3)on1)N1CCCC1c1ccccc1,45000.0,4.346787486224656
O=C(c1cc(-c2ccc3c(c2)OCO3)on1)N1CCCC1c1ccccc1Br,45000.0,4.346787486224656
O=C(c1cc(-c2ccc3c(c2)OCO3)on1)N1CCCC1c1ccccc1C(F)F,45000.0,4.346787486224656
O=C(c1cc(-c2ccc3c(c2)OCO3)on1)N1CCCC1c1ccccc1F,45000.0,4.346787486224656
O=C(c1cc(-c2ccc3c(c2)OCO3)on1)N1CCCC1c1ccccn1,45000.0,4.346787486224656
O=C(c1cc(-c2ccc3c(c2)OCO3)on1)N1CCCC1c1cccnc1,45000.0,4.346787486224656
O=C(c1cc(-c2ccc3c(c2)OCO3)on1)N1CCCC1c1cccnn1,45000.0,4.346787486224656
O=C(c1cc(-c2ccc3c(c2)OCO3)on1)N1CCCC1c1ccnc(Br)c1F,45000.0,4.346787486224656
O=C(c1cc(-c2ccc3c(c2)OCO3)on1)N1CCCC1c1ccncc1,45000.0,4.346787486224656
O=C(c1cc(-c2ccc3c(c2)OCO3)on1)N1CCCC1c1ccncc1F,45000.0,4.346787486224656
O=C(c1cc(-c2ccc3c(c2)OCO3)on1)N1CCCC1c1cnccn1,45000.0,4.346787486224656
O=C(c1cc(-c2ccc3c(c2)OCO3)on1)N1CCCC1c1nc2ccccc2o1,45000.0,4.346787486224656
O=C(c1cc(-c2ccc3c(c2)OCO3)on1)N1CCCC1c1ncccc1Br,45000.0,4.346787486224656
O=C(c1cc(-c2ccc3c(c2)OCO3)on1)N1CCCC1c1ncccc1F,45000.0,4.346787486224656
O=C(c1cc(-c2ccc3c(c2)OCO3)on1)N1CCCC1c1ncccn1,45000.0,4.346787486224656
O=C(c1cc(-c2ccc3c(c2)OCO3)on1)N1CCCC1c1ncco1,45000.0,4.346787486224656
O=C(c1cc(-c2ccc3c(c2)OCO3)on1)N1CCC[C@@H]1C(F)(F)F,45000.0,4.346787486224656
O=C(c1cc(-c2ccc3c(c2)OCO3)on1)N1CCC[C@@H]1c1ccccc1,45000.0,4.346787486224656
O=C(c1cc(-c2ccc3c(c2)OCO3)on1)N1CCC[C@H]1C(F)(F)F,45000.0,4.346787486224656
O=C(c1cc(-c2ccc3c(c2)OCO3)on1)N1CCC[C@H]1c1ccccc1,33540.0,4.47
O=C(c1cc(-c2ccc3c(c2)OCO3)on1)N1CCC[C@H]1c1ccon1,45000.0,4.346787486224656
O=C(c1cc(-c2ccc3c(c2)OCO3)on1)N1CCCc2c(F)cccc21,45000.0,4.346787486224656
O=C(c1cc(-c2ccc3c(c2)OCO3)on1)N1CCCc2cccc(F)c21,45000.0,4.346787486224656
O=C(c1cc(-c2ccc3c(c2)OCO3)on1)N1CCCc2ccccc21,45000.0,4.346787486224656
O=C(c1cc(-c2ccc3c(c2)OCO3)on1)N1CCN(c2cc(F)ccc2Cl)CC1,45000.0,4.346787486224656
O=C(c1cc(-c2ccc3c(c2)OCO3)on1)N1CCN(c2ccc(F)cc2)CC1,45000.0,4.346787486224656
O=C(c1cc(-c2ccc3c(c2)OCO3)on1)N1CCN(c2cccc(F)c2)CC1,45000.0,4.346787486224656
O=C(c1cc(-c2ccc3c(c2)OCO3)on1)N1CCN(c2ccccc2)C(=O)C1,45000.0,4.346787486224656
O=C(c1cc(-c2ccc3c(c2)OCO3)on1)N1CCN(c2ccccc2)CC1,45000.0,4.346787486224656
O=C(c1cc(-c2ccc3c(c2)OCO3)on1)N1CCN(c2ccccc2F)CC1,45000.0,4.346787486224656
O=C(c1cc(-c2ccc3c(c2)OCO3)on1)N1CCOCC1c1ccccc1,45000.0,4.346787486224656
O=C(c1cc(-c2ccc3c(c2)OCO3)on1)N1CCOc2ccccc21,45000.0,4.346787486224656
O=C(c1cc(-c2ccc3c(c2)OCO3)on1)N1CCc2ccccc2C1,45000.0,4.346787486224656
O=C(c1cc(-c2ccc3c(c2)OCO3)on1)N1CCn2ccnc2C1,45000.0,4.346787486224656
O=C(c1cc(-c2ccc3c(c2)OCO3)on1)N1COCC1c1ccccc1,45000.0,4.346787486224656
O=C(c1cc(-c2ccc3c(c2)OCO3)on1)N1C[C@@H](F)C[C@H]1c1ccccc1,30020.0,4.52
O=C(c1cc(-c2ccc3c(c2)OCO3)on1)N1C[C@@H](O)C[C@H]1c1ccccc1,45000.0,4.346787486224656
O=C(c1cc(-c2ccc3c(c2)OCO3)on1)N1C[C@H](F)C[C@H]1c1ccccc1,45000.0,4.346787486224656
O=C(c1cc(-c2ccc3c(c2)OCO3)on1)N1C[C@H](O)C[C@H]1c1ccccc1,45000.0,4.346787486224656
O=C(c1cc(-c2ccc3c(c2)OCO3)on1)N1Cc2ccccc2C1,45000.0,4.346787486224656
O=C(c1cc(-c2ccc3nccnc3c2)on1)N1CCC[C@H]1c1ccccc1,45000.0,4.346787486224656
O=C(c1cc(-c2ccc3ncnn3c2)on1)N1CCC[C@H]1c1ccccc1,32390.0,4.49
O=C(c1cc(-c2ccccc2)on1)N1CC(CCl)(CNc2ccccc2)C1,1860.0,5.73
O=C(c1cc(-c2ccccc2)on1)N1CC(Cc2ccccc2)C1,120.0,6.92
O=C(c1cc(-c2ccccc2)on1)N1CC(Nc2ccccc2)C1,45000.0,4.346787486224656
O=C(c1cc(-c2ccccc2)on1)N1CC(Oc2ccccc2)C1,490.0,6.31
O=C(c1cc(-c2ccccc2)on1)N1CC(c2ccccc2)C1,4520.0,5.34
O=C(c1cc(-c2ccccc2)on1)N1CC2(C1)CC(O)(c1ccccc1)C2,11980.0,4.92
O=C(c1cc(-c2ccccc2)on1)N1CC2(C1)CN(c1ccccc1)C2,45000.0,4.346787486224656
O=C(c1cc(-c2ccccc2)on1)N1CC2(C=C(c3ccccc3)C2)C1,45000.0,4.346787486224656
O=C(c1cc(-c2ccccc2)on1)N1CC2(CC(c3ccccc3)C2)C1,45000.0,4.346787486224656
O=C(c1cc(-c2ccccc2)on1)N1CC2(CNC2)C1,45000.0,4.346787486224656
O=C(c1cc(-c2ccccc2)on1)N1CC=C(c2cc(F)ccc2Cl)CC1,4800.0,5.32
O=C(c1cc(-c2ccccc2)on1)N1CCC(O)(c2ccccc2)CC1,45000.0,4.346787486224656
O=C(c1cc(-c2ccccc2)on1)N1CCC(Oc2ccccc2)CC1,45000.0,4.346787486224656
O=C(c1cc(-c2ccccc2)on1)N1CCC(c2cc(F)ccc2Cl)CC1,45000.0,4.346787486224656
O=C(c1cc(-c2ccccc2)on1)N1CCC(c2ccc(F)cc2)C1,45000.0,4.346787486224656
O=C(c1cc(-c2ccccc2)on1)N1CCC(c2cccc(F)c2)C1,45000.0,4.346787486224656
O=C(c1cc(-c2ccccc2)on1)N1CCC(c2cccc(F)c2)CC1,45000.0,4.346787486224656
O=C(c1cc(-c2ccccc2)on1)N1CCC(c2ccccc2)C1,45000.0,4.346787486224656
O=C(c1cc(-c2ccccc2)on1)N1CCC(c2ccccc2)CC1,45000.0,4.346787486224656
O=C(c1cc(-c2ccccc2)on1)N1CCC(c2ccccc2C(F)(F)F)CC1,45000.0,4.346787486224656
O=C(c1cc(-c2ccccc2)on1)N1CCC(c2ccccc2F)C1,45000.0,4.346787486224656
O=C(c1cc(-c2ccccc2)on1)N1CCC(c2cccnc2)CC1,45000.0,4.346787486224656
O=C(c1cc(-c2ccccc2)on1)N1CCC2(CCN(c3ccccc3)C2)C1,45000.0,4.346787486224656
O=C(c1cc(-c2ccccc2)on1)N1CCC2(CCNC2)C1,45000.0,4.346787486224656
O=C(c1cc(-c2ccccc2)on1)N1CCCC1Cc1ccccc1,45000.0,4.346787486224656
O=C(c1cc(-c2ccccc2)on1)N1CCCC1c1ccccc1,45000.0,4.346787486224656
O=C(c1cc(-c2ccccc2)on1)N1CCC[C@@H]1c1ccccc1,45000.0,4.346787486224656
O=C(c1cc(-c2ccccc2)on1)N1CCC[C@H]1c1ccccc1,30490.0,4.52
O=C(c1cc(-c2ccccc2)on1)N1CCN(c2cc(F)ccc2Cl)CC1,18960.0,4.72
O=C(c1cc(-c2ccccc2)on1)N1CCN(c2ccc(F)cc2)CC1,45000.0,4.346787486224656
O=C(c1cc(-c2ccccc2)on1)N1CCN(c2cccc(F)c2)CC1,210.0,6.68
O=C(c1cc(-c2ccccc2)on1)N1CCN(c2ccccc2)CC1,730.0,6.14
O=C(c1cc(-c2ccccc2)on1)N1CCN(c2ccccc2F)CC1,45000.0,4.346787486224656
O=C(c1cc(-c2ccccc2)on1)N1CCn2ccnc2C1,36010.0,4.44
O=C(c1cc(-c2ccccc2C(F)(F)F)on1)N1CCC(c2ccccc2)C1,45000.0,4.346787486224656
O=C(c1cc(-c2ccccc2Cl)on1)N1CCC(c2ccccc2)C1,45000.0,4.346787486224656
O=C(c1cc(-c2ccccn2)on1)N(Cc1ccc(F)c(F)c1)c1cnn(Cc2ccc(F)c(F)c2)c1,45000.0,4.346787486224656
O=C(c1cc(-c2ccccn2)on1)N1CC(c2ccccc2)C1,2610.0,5.58
O=C(c1cc(-c2ccccn2)on1)N1CCC(c2cccc(F)c2)C1,45000.0,4.346787486224656
O=C(c1cc(-c2ccccn2)on1)N1CCC(c2ccccc2)C1,45000.0,4.346787486224656
O=C(c1cc(-c2ccccn2)on1)N1CCC(c2ccccc2)CC1,45000.0,4.346787486224656
O=C(c1cc(-c2ccccn2)on1)N1CCC[C@H]1c1ccccc1,45000.0,4.346787486224656
O=C(c1cc(-c2cccnc2)on1)N1CC(c2ccccc2)C1,15480.0,4.81
O=C(c1cc(-c2cccnc2)on1)N1CCC(c2ccccc2)CC1,3840.0,5.42
O=C(c1cc(-c2cccnc2)on1)N1CCC[C@H]1c1ccccc1,33300.0,4.48
O=C(c1cc(-c2ccco2)on1)N(Cc1ccc(Cl)cc1)c1cnn(Cc2ccc(Cl)cc2)c1,45000.0,4.346787486224656
O=C(c1cc(-c2ccco2)on1)N1CC(Cc2ccccc2)C1,230.0,6.64
O=C(c1cc(-c2ccco2)on1)N1CC(F)C1,45000.0,4.346787486224656
O=C(c1cc(-c2ccco2)on1)N1CC(Nc2ccccc2)C1,45000.0,4.346787486224656
O=C(c1cc(-c2ccco2)on1)N1CC(Oc2ccccc2)C1,280.0,6.55
O=C(c1cc(-c2ccco2)on1)N1CC(c2ccccc2)C1,2560.0,5.59
O=C(c1cc(-c2ccco2)on1)N1CC2(CCC2)C1,45000.0,4.346787486224656
O=C(c1cc(-c2ccco2)on1)N1CC2(CCCC2)C1,45000.0,4.346787486224656
O=C(c1cc(-c2ccco2)on1)N1CC2(COC2)C1,45000.0,4.346787486224656
O=C(c1cc(-c2ccco2)on1)N1CCC(c2ccccc2)C1,45000.0,4.346787486224656
O=C(c1cc(-c2ccn3ncnc3c2)on1)N1CCC[C@H]1c1ccccc1,40000.0,4.4
O=C(c1cc(-c2ccncc2)on1)N1CC(c2ccccc2)C1,660.0,6.18
O=C(c1cc(-c2ccncc2)on1)N1CCC(c2ccccc2)CC1,410.0,6.39
O=C(c1cc(-c2ccncc2)on1)N1CCC[C@H]1c1ccccc1,22990.0,4.64
O=C(c1cc(-c2ccncn2)on1)N1CC(Cc2ccccc2)C1,2500.0,5.6
O=C(c1cc(-c2ccncn2)on1)N1CC(c2ccccc2)C1,321.0,6.49
O=C(c1cc(-c2ccnnc2)on1)N1CCC[C@H]1c1ccccc1,36750.0,4.43
O=C(c1cc(-c2cnccn2)on1)N1CC(c2ccccc2)C1,45000.0,4.346787486224656
O=C(c1cc(CC2CC2)on1)N1CCCC1c1ccccc1,30000.0,4.52
O=C(c1cc(N2CCOCC2)on1)N1CC(c2ccccc2)C1,33000.0,4.48
O=C(c1cc(N2CCOCC2)on1)N1CCC[C@H]1c1ccccc1,45000.0,4.346787486224656
O=C(c1ccccc1)N1CCN(C(=O)c2cc(-c3ccc4c(c3)OCO4)on2)CC1,45000.0,4.346787486224656
O=C(c1ccccc1C(F)(F)F)N1CCN(c2nccs2)CC1,13000.0,4.89
O=C(c1ccncc1)N1CCN(C(=O)c2cc(-c3ccc4c(c3)OCO4)on2)CC1,45000.0,4.346787486224656
O=C(c1cnn(Cc2ccncc2)c1)c1cc(-c2ccccc2)on1,45000.0,4.346787486224656
O=C(c1noc2c1CCCC2)N1CC(Cc2ccccc2)C1,45000.0,4.346787486224656
O=C(c1noc2c1CCCC2)N1CC(c2ccccc2)C1,45000.0,4.346787486224656
O=C(c1noc2cc(Br)ccc12)N1CCC[C@H]1c1ccccc1,45000.0,4.346787486224656
O=C(c1noc2ccccc12)N1CCC[C@H]1c1ccccc1,45000.0,4.346787486224656
O=C1CC2(CCN(c3ccc(C(=O)NCC(O)c4ccccc4)nn3)CC2)Oc2ccccc2N1,1000.0,6.0
O=C1CCCN1c1cnc(N2CCC(Oc3ccccc3C(F)(F)F)CC2)s1,174.0,6.76
O=Cc1nccnc1NCC(=O)N1CCC(Oc2ccccc2Cl)CC1,210.0,6.68
O=[N+]([O-])c1ccc(Cl)c(OC2CCN(c3nccnn3)CC2)c1,65.0,7.19
O=[N+]([O-])c1ccccc1OC1CCN(c2nccnn2)CC1,550.0,6.26
O=c1[nH]c(CO)nc2nc(N3CCC(Oc4ccccc4C(F)(F)F)CC3)sc12,16.0,7.8
O=c1[nH]c(N2CCC(Oc3ccccc3C(F)(F)F)CC2)nc2[nH]cnc12,378.0,6.42
O=c1[nH]ccc2nc(N3CCC(Oc4ccccc4C(F)(F)F)CC3)sc12,268.0,6.57
O=c1[nH]cnc2nc(N3CCC(Oc4ccccc4C(F)(F)F)CC3)sc12,29.0,7.54
OC(c1ccc2[nH]c(-c3ccc(OCc4ccccc4)cc3)nc2c1)c1ccccc1C(F)(F)F,295.0,6.53
OCCc1cnn(-c2ccc(N3CCC(N4CCc5ccc(F)cc54)CC3)nn2)c1,11.0,7.96
OCCc1cnn(-c2ccc(N3CCC(c4noc5ccc(F)cc45)CC3)nn2)c1,60.0,7.22
OCCc1cnn(-c2ccc(N3CCC(n4ccc5ccc(F)cc54)CC3)nn2)c1,20.0,7.7
OCCn1cc(-c2ccc(N3CCC(N4CCc5ccc(F)cc54)CC3)nn2)cn1,19.0,7.725
OCCn1cc(-c2ccc(N3CCC(n4ccc5ccc(F)cc54)CC3)nn2)cn1,12.0,7.92
OCCn1cc(-c2ccc(N3CCC(n4ncc5ccc(F)cc54)CC3)nn2)cn1,53.0,7.28
OCc1ccc(-c2ccc(N3CCC(N4CCc5ccc(F)cc54)CC3)nn2)cc1,7.5,8.125
OCc1ccc(-c2ccc(N3CCC(N4CCc5ccc(F)cc54)CC3)nn2)cn1,0.5,9.3
OCc1ccc(-c2ccc(N3CCC(c4noc5ccc(F)cc45)CC3)nn2)cn1,8.0,8.1
OCc1ccc(-c2ccc(N3CCC(n4ccc5ccc(F)cc54)CC3)nn2)cc1,22.0,7.66
OCc1cn(-c2ccc(N3CCC(N4CCc5ccc(F)cc54)CC3)nn2)cn1,3.0,8.52
OCc1cnn(-c2ccc(N3CCC(N4CCc5ccc(F)cc54)CC3)nn2)c1,13.5,7.95
OCc1cnn(-c2ccc(N3CCC(c4noc5ccc(F)cc45)CC3)nn2)c1,74.0,7.15
OCc1nc(-c2cnc(N3CCC(Oc4ccccc4C(F)(F)F)CC3)s2)no1,1.0,9.0
OCc1nnc(-c2ccc(N3CCC(c4ccc(C(F)(F)F)cc4)(C(F)(F)F)CC3)nn2)o1,4.7,8.33
OCc1nnc(-c2ccc(N3CCC(c4ccc(C(F)(F)F)cc4)(C(F)(F)F)CC3)nn2)s1,2.5,8.6
OCc1nnc(-c2ccc(N3CCC(c4noc5ccc(F)cc45)CC3)nn2)o1,15.0,7.824999999999999
OCc1noc(-c2ccc(N3CCC(O)(c4ccccc4)CC3)nn2)n1,130.0,6.89
OCc1noc(-c2ccc(N3CCC(c4ccc(C(F)(F)F)cc4)(C(F)(F)F)CC3)nn2)n1,2.3,8.64
OCc1noc(-c2ccc(N3CCC(c4ccccc4)(C(F)(F)F)CC3)nn2)n1,38.0,7.42
OCc1noc(-c2ccc(N3CCC4(COc5ccccc54)C3)nn2)n1,6.5,8.19
OCc1nsc(-c2ccc(N3CCC(c4ccc(C(F)(F)F)cc4)(C(F)(F)F)CC3)nn2)n1,1.2,8.92
OCn1cc(-c2ccc(N3CCC(n4ccc5ccc(F)cc54)CC3)nn2)cn1,22.0,7.66
Oc1nc2cnc(N3CCC(Oc4ccccc4C(F)(F)F)CC3)nc2[nH]1,319.0,6.5
c1ccc(Cc2nnc(-c3ccc(N4CCC5(CCc6ccccc6O5)CC4)nn3)o2)nc1,6.5,8.225000000000001
c1ccc2c(c1)CCC1(CCN(c3ccc(-c4nnc(Cc5ccncc5)o4)nn3)CC1)O2,6.5,8.185
c1cncc(Cc2nnc(-c3ccc(N4CCC5(CCc6ccccc6O5)CC4)nn3)o2)c1,2.5,8.7
